dimension,beta,pair,alpha,terminal_pair_distance,seed_offset_distance,seed_pair_separation_ratio,target_rmse,relative_plane_error,relative_pair_error,arrival_separation_ratio,local_amplification,identity_swapped,collapsed,max_replay_residual,finite,replay_seconds
2,0.025,0,0.0,0.0037291263170230325,0.0,1.0,0.04640198205003645,0.04640198205003645,19.09481243468264,0.8882798098367658,0.0,False,False,0.00015745905764252453,True,206.96532259999367
2,0.025,1,0.0,0.010136125751419195,0.0,1.0,0.0483578706442438,0.0483578706442438,3.6879271697741274,0.5934585991706588,0.0,False,False,0.0001357990018067461,True,206.96532259999367
2,0.025,2,0.0,0.013557841940041034,0.0,1.0,0.04938732825788618,0.04938732825788618,9.119629327285734,1.0522961623462346,0.0,False,False,0.00017255119627314887,True,206.96532259999367
2,0.025,3,0.0,0.01577827232613264,0.0,1.0,0.051890080240500736,0.051890080240500736,10.497504413591534,1.6865994837205198,0.0,False,False,0.00018729503035484668,True,206.96532259999367
2,0.025,4,0.0,0.01711778839292689,0.0,1.0,0.05747875977659418,0.05747875977659418,3.151199443233536,1.08533093691373,0.0,False,False,0.00015398469014020943,True,206.96532259999367
2,0.025,5,0.0,0.01966708326983966,0.0,1.0,0.10220126890795567,0.10220126890795567,8.795277142050724,2.289803052552973,0.0,False,False,0.0002464898836564033,True,206.96532259999367
2,0.025,0,0.1,0.0037291263170230325,0.0003729126317023033,0.8,0.046410880065292766,0.046410880065292766,19.098474044054782,0.7103225391283438,0.5804921543661256,False,False,0.00015727069752229458,True,206.96532259999367
2,0.025,1,0.1,0.010136125751419195,0.0010136125751419197,0.8,0.04842995456925119,0.04842995456925119,3.693424522366313,0.47437071305099904,0.7714293730870475,False,False,0.00013551356634674416,True,206.96532259999367
2,0.025,2,0.1,0.013557841940041034,0.0013557841940041034,0.8,0.04944275610106838,0.04944275610106838,9.129864369391942,0.8390410586429833,0.4285695090310857,False,False,0.00017210801235571267,True,206.96532259999367
2,0.025,3,0.1,0.01577827232613264,0.0015778272326132641,0.8,0.0518362484261719,0.0518362484261719,10.486614091088862,1.3489138807447105,0.5295877530390788,False,False,0.00018677104227096127,True,206.96532259999367
2,0.025,4,0.1,0.01711778839292689,0.0017117788392926891,0.8,0.05741251589741795,0.05741251589741795,3.1475677073368478,0.8676488880288444,1.160783662891544,False,False,0.0001537889051143465,True,206.96532259999367
2,0.025,5,0.1,0.01966708326983966,0.001966708326983966,0.8,0.10160813083829454,0.10160813083829454,8.744232631919749,1.8253582896058478,1.3883954228728028,False,False,0.0002463573759072394,True,206.96532259999367
2,0.025,0,0.25,0.0037291263170230325,0.0009322815792557581,0.5,0.04642279351683442,0.04642279351683442,19.103376531245786,0.4437479758028236,0.5798179882725587,False,False,0.00015698447342737514,True,206.96532259999367
2,0.025,1,0.25,0.010136125751419195,0.002534031437854799,0.5,0.04854502589144638,0.04854502589144638,3.702200232502673,0.2962145050557191,0.7698451768179572,False,False,0.000135075222560118,True,206.96532259999367
2,0.025,2,0.25,0.013557841940041034,0.0033894604850102585,0.5,0.049515067507457454,0.049515067507457454,9.143217050042322,0.522530797731953,0.4250494215590126,False,False,0.00017142649423534888,True,206.96532259999367
2,0.025,3,0.25,0.01577827232613264,0.00394456808153316,0.5,0.05179336959850422,0.05179336959850422,10.477939587588292,0.8428253540545289,0.5291166008297756,False,False,0.0001859738923587157,True,206.96532259999367
2,0.025,4,0.25,0.01711778839292689,0.004279447098231723,0.5,0.05747203503465598,0.05747203503465598,3.150830767863122,0.541861252776691,1.1589122179129732,False,False,0.0001534886771231266,True,206.96532259999367
2,0.025,5,0.25,0.01966708326983966,0.004916770817459915,0.5,0.10102805592067514,0.10102805592067514,8.694312315683659,1.1364781967637925,1.3741999392406352,False,False,0.00024605097767722346,True,206.96532259999367
2,0.025,0,0.4,0.0037291263170230325,0.0014916505268092132,0.19999999999999996,0.04643300136527432,0.04643300136527432,19.10757714817442,0.17745540434590493,0.5793047577799348,False,True,0.00015669365165818714,True,206.96532259999367
2,0.025,1,0.4,0.010136125751419195,0.004054450300567679,0.19999999999999996,0.04866852635234128,0.04866852635234128,3.711618775940299,0.11842843254065236,0.7686525053512336,False,True,0.00013462384727934746,True,206.96532259999367
2,0.025,2,0.4,0.013557841940041034,0.005423136776016414,0.19999999999999996,0.04957493706520091,0.04957493706520091,9.154272278050565,0.20861350133400816,0.42241819391368424,False,True,0.00017072250938171882,True,206.96532259999367
2,0.025,3,0.4,0.01577827232613264,0.0063113089304530565,0.19999999999999996,0.05179575852471288,0.05179575852471288,10.478422873860021,0.33707750516022195,0.5287558640375037,False,False,0.00018516399926622946,True,206.96532259999367
2,0.025,4,0.4,0.01711778839292689,0.0068471153571707565,0.19999999999999996,0.05772072903156474,0.05772072903156474,3.164465097964196,0.21665379303725496,1.1574973701810358,False,True,0.00015318043477157418,True,206.96532259999367
2,0.025,5,0.4,0.01966708326983966,0.007866833307935864,0.19999999999999996,0.10081269539302505,0.10081269539302505,8.67577873438491,0.45365329400163784,1.3633545421570312,False,False,0.0002456015053676547,True,206.96532259999367
2,0.025,0,0.49,0.0037291263170230325,0.0018272718953412858,0.020000000000000018,0.04643831266999113,0.04643831266999113,19.109762795486674,0.017744715296089845,0.5790736005254834,False,True,0.00015651686510935876,True,206.96532259999367
2,0.025,1,0.49,0.010136125751419195,0.004966701618195406,0.020000000000000018,0.048746727034344364,0.048746727034344364,3.7175826121475577,0.011841762829329023,0.7681223408694595,False,True,0.00013434636772422835,True,206.96532259999367
2,0.025,2,0.49,0.013557841940041034,0.006643342550620107,0.020000000000000018,0.04960508381871781,0.04960508381871781,9.159839034285273,0.020853859972254397,0.4212506764826869,False,True,0.0001702880925629846,True,206.96532259999367
2,0.025,3,0.49,0.01577827232613264,0.007731353439804994,0.020000000000000018,0.051818841515896975,0.051818841515896975,10.483092625780058,0.033706760376732224,0.5285915389353492,False,True,0.00018467227450476745,True,206.96532259999367
2,0.025,4,0.49,0.01711778839292689,0.008387716312534176,0.020000000000000018,0.0579596595443036,0.0579596595443036,3.1775641575409965,0.02166366570497886,1.1568709209772088,False,True,0.00015299157247953624,True,206.96532259999367
2,0.025,5,0.49,0.01966708326983966,0.009636870802221432,0.020000000000000018,0.10085639223551279,0.10085639223551279,8.679539214504373,0.045347668550933994,1.3584346311659086,False,True,0.00024525578132527254,True,206.96532259999367
2,0.05,0,0.0,0.0037291263170230325,0.0,1.0,0.012886854456046483,0.012886854456046483,5.30305081463796,0.9194804025179804,0.0,False,False,3.471525211220129e-05,True,205.66863739999826
2,0.05,1,0.0,0.010136125751419195,0.0,1.0,0.015207837864915575,0.015207837864915575,1.1597987609534652,0.7623980460614138,0.0,False,False,3.0654186819118716e-05,True,205.66863739999826
2,0.05,2,0.0,0.013557841940041034,0.0,1.0,0.01377051356021702,0.01377051356021702,2.54279759090811,0.9905076904048754,0.0,False,False,3.995729823195296e-05,True,205.66863739999826
2,0.05,3,0.0,0.01577827232613264,0.0,1.0,0.013682053760011999,0.013682053760011999,2.7679167013625072,1.133920608466225,0.0,False,False,4.45075549212126e-05,True,205.66863739999826
2,0.05,4,0.0,0.01711778839292689,0.0,1.0,0.016003888749984124,0.016003888749984124,0.8773927188849596,1.031935584773745,0.0,False,False,3.6811374280620565e-05,True,205.66863739999826
2,0.05,5,0.0,0.01966708326983966,0.0,1.0,0.02160809661904955,0.02160809661904955,1.8595581083040351,1.2243906392607125,0.0,False,False,6.002515019606731e-05,True,205.66863739999826
2,0.05,0,0.1,0.0037291263170230325,0.0003729126317023033,0.8,0.012905576818384038,0.012905576818384038,5.310755226850013,0.7348250037218927,0.603757253168872,False,False,3.466891837512347e-05,True,205.66863739999826
2,0.05,1,0.1,0.010136125751419195,0.0010136125751419197,0.8,0.015488203362393854,0.015488203362393854,1.1811803379716928,0.6075303894294174,1.014788017947165,False,False,3.055056226439035e-05,True,205.66863739999826
2,0.05,2,0.1,0.013557841940041034,0.0013557841940041034,0.8,0.013853576401957047,0.013853576401957047,2.558135580515173,0.7882734531465906,0.40881130572058727,False,False,3.985809686540155e-05,True,205.66863739999826
2,0.05,3,0.1,0.01577827232613264,0.0015778272326132641,0.8,0.013649378835446487,0.013649378835446487,2.761306475221972,0.9074379956942104,0.35632996166250036,False,False,4.437502717677281e-05,True,205.66863739999826
2,0.05,4,0.1,0.01711778839292689,0.0017117788392926891,0.8,0.015990579176502852,0.015990579176502852,0.8766630385524876,0.8245634434262635,1.106400449293084,False,False,3.679178434259151e-05,True,205.66863739999826
2,0.05,5,0.1,0.01966708326983966,0.001966708326983966,0.8,0.021366074064317495,0.021366074064317495,1.8387300357542442,0.9756246813868324,0.7422384661259543,False,False,5.97390646279485e-05,True,205.66863739999826
2,0.05,0,0.25,0.0037291263170230325,0.0009322815792557581,0.5,0.012934528154769254,0.012934528154769254,5.322668949358956,0.4587534509341868,0.6019242691236145,False,False,3.459810079822374e-05,True,205.66863739999826
2,0.05,1,0.25,0.010136125751419195,0.002534031437854799,0.5,0.01595528205964857,0.01595528205964857,1.2168012657561424,0.37811126288151026,1.0032875960864305,False,False,3.0388834851550668e-05,True,205.66863739999826
2,0.05,2,0.25,0.013557841940041034,0.0033894604850102585,0.5,0.01398596807397411,0.01398596807397411,2.5825823974903837,0.48992510026225633,0.4032828322132091,False,False,3.970450598216241e-05,True,205.66863739999826
2,0.05,3,0.25,0.01577827232613264,0.00394456808153316,0.5,0.013656056991927686,0.013656056991927686,2.7626574844478418,0.5673594999616822,0.35606853700174673,False,False,4.417490313295958e-05,True,205.66863739999826
2,0.05,4,0.25,0.01711778839292689,0.004279447098231723,0.5,0.016419953557965026,0.016419953557965026,0.9002029395013129,0.5146836666773266,1.1034165660556154,False,False,3.676031556084469e-05,True,205.66863739999826
2,0.05,5,0.25,0.01966708326983966,0.004916770817459915,0.5,0.02127003331268769,0.02127003331268769,1.8304649228398855,0.6071643444356024,0.734420236266241,False,False,5.932404384404555e-05,True,205.66863739999826
2,0.05,0,0.4,0.0037291263170230325,0.0014916505268092132,0.19999999999999996,0.01296449615847757,0.01296449615847757,5.335001039165705,0.18339139900410728,0.6005236910950971,False,True,3.4525621743591086e-05,True,205.66863739999826
2,0.05,1,0.4,0.010136125751419195,0.004054450300567679,0.19999999999999996,0.016471522412226994,0.016471522412226994,1.2561714199222331,0.15090459158897024,0.9945864591363098,False,True,3.0218968892761023e-05,True,205.66863739999826
2,0.05,2,0.4,0.013557841940041034,0.005423136776016414,0.19999999999999996,0.014126941636935139,0.014126941636935139,2.608613905662646,0.1953874193942821,0.3991584585731488,False,True,3.954440600072543e-05,True,205.66863739999826
2,0.05,3,0.4,0.01577827232613264,0.0063113089304530565,0.19999999999999996,0.013729129801651849,0.013729129801651849,2.7774403126692984,0.22699032781347434,0.3558443413088849,False,True,4.397325918071629e-05,True,205.66863739999826
2,0.05,4,0.4,0.01711778839292689,0.0068471153571707565,0.19999999999999996,0.017344511861060518,0.017344511861060518,0.9508906652155661,0.20572922412130906,1.1011695217188917,False,True,3.6726213491938206e-05,True,205.66863739999826
2,0.05,5,0.4,0.01966708326983966,0.007866833307935864,0.19999999999999996,0.02148404902056143,0.02148404902056143,1.8488827711074738,0.24231082391315462,0.7285418127214052,False,True,5.89246607256067e-05,True,205.66863739999826
2,0.05,0,0.49,0.0037291263170230325,0.0018272718953412858,0.020000000000000018,0.012982965071018275,0.012982965071018275,5.342601154618899,0.0183370685744692,0.5998886539672892,False,True,3.448129653191189e-05,True,205.66863739999826
2,0.05,1,0.49,0.010136125751419195,0.004966701618195406,0.020000000000000018,0.01680294925839817,0.01680294925839817,1.281447100064959,0.015084077874691551,0.9906585990810294,False,True,3.0112846208524323e-05,True,205.66863739999826
2,0.05,2,0.49,0.013557841940041034,0.006643342550620107,0.020000000000000018,0.01421558955174259,0.01421558955174259,2.624983208319784,0.019527823064426332,0.3973219242735611,False,True,3.944481483924247e-05,True,205.66863739999826
2,0.05,3,0.49,0.01577827232613264,0.007731353439804994,0.020000000000000018,0.013804337707179669,0.013804337707179669,2.7926550765809384,0.022699919048914084,0.35572536655390874,False,True,4.385158788374025e-05,True,205.66863739999826
2,0.05,4,0.49,0.01711778839292689,0.008387716312534176,0.020000000000000018,0.01810621503369037,0.01810621503369037,0.9926500668246073,0.020570200385353263,1.1001768503351232,False,True,3.6704421261971005e-05,True,205.66863739999826
2,0.05,5,0.49,0.01966708326983966,0.009636870802221432,0.020000000000000018,0.021754959154069844,0.021754959154069844,1.872196862314525,0.024220659640664468,0.725911955469633,False,True,5.8691939311932513e-05,True,205.66863739999826
2,0.1,0,0.0,0.0037291263170230325,0.0,1.0,0.0019210169950913717,0.0019210169950913717,0.7905149216590112,0.99636244141622,0.0,False,False,2.138193068082734e-06,True,204.48430739999458
2,0.1,1,0.0,0.010136125751419195,0.0,1.0,0.0020608722536143184,0.0020608722536143184,0.15716876438691116,0.9767191684558577,0.0,False,False,1.9057250607239454e-06,True,204.48430739999458
2,0.1,2,0.0,0.013557841940041034,0.0,1.0,0.0020992603397107573,0.0020992603397107573,0.3876394377858867,1.003344491288317,0.0,False,False,2.501469898367679e-06,True,204.48430739999458
2,0.1,3,0.0,0.01577827232613264,0.0,1.0,0.002070020129717583,0.002070020129717583,0.418770704289124,1.0150148485260384,0.0,False,False,2.7932631308381915e-06,True,204.48430739999458
2,0.1,4,0.0,0.01711778839292689,0.0,1.0,0.002143244565461115,0.002143244565461115,0.11750064036949812,1.0017916138973708,0.0,False,False,2.330553266713766e-06,True,204.48430739999458
2,0.1,5,0.0,0.01966708326983966,0.0,1.0,0.0029116827220883055,0.0029116827220883055,0.250574741039187,1.0174991723205353,0.0,False,False,3.6019605195764165e-06,True,204.48430739999458
2,0.1,0,0.1,0.0037291263170230325,0.0003729126317023033,0.8,0.0019578473787914617,0.0019578473787914617,0.8056709395181676,0.7959503264078638,0.6563170513537323,False,False,2.135279377440281e-06,True,204.48430739999458
2,0.1,1,0.1,0.010136125751419195,0.0010136125751419197,0.8,0.0027644665110635722,0.0027644665110635722,0.21082713155600039,0.7756880034326503,1.3345416817628917,False,False,1.8982764027608118e-06,True,204.48430739999458
2,0.1,2,0.1,0.013557841940041034,0.0013557841940041034,0.8,0.0022540129436521223,0.0022540129436521223,0.41621531818193047,0.7978109679565545,0.41664359671930706,False,False,2.495468539012628e-06,True,204.48430739999458
2,0.1,3,0.1,0.01577827232613264,0.0015778272326132641,0.8,0.002098330478210551,0.002098330478210551,0.42449796481517893,0.8128180246226616,0.3188221937015816,False,False,2.785321505357044e-06,True,204.48430739999458
2,0.1,4,0.1,0.01711778839292689,0.0017117788392926891,0.8,0.0027526275900190762,0.0027526275900190762,0.15090928480035748,0.80036141913748,1.0747846803653704,False,False,2.3301168215202848e-06,True,204.48430739999458
2,0.1,5,0.1,0.01966708326983966,0.001966708326983966,0.8,0.0029835972704823194,0.0029835972704823194,0.2567635916320345,0.8112650351971977,0.6135915605001158,False,False,3.5837473486450697e-06,True,204.48430739999458
2,0.1,0,0.25,0.0037291263170230325,0.0009322815792557581,0.5,0.0020578652966923637,0.0020578652966923637,0.846829168068961,0.49670096022339466,0.6535142892150174,False,False,2.1308152859642495e-06,True,204.48430739999458
2,0.1,1,0.25,0.010136125751419195,0.002534031437854799,0.5,0.004311644691076437,0.004311644691076437,0.32881992922337083,0.48103141923411286,1.3061598466148996,False,False,1.886600688711177e-06,True,204.48430739999458
2,0.1,2,0.25,0.013557841940041034,0.0033894604850102585,0.5,0.0026579490201197415,0.0026579490201197415,0.4908042343927322,0.4954088708163511,0.4100092745765032,False,False,2.486154514849534e-06,True,204.48430739999458
2,0.1,3,0.25,0.01577827232613264,0.00394456808153316,0.5,0.0023599769129420594,0.0023599769129420594,0.4774297504409549,0.5085651051085908,0.31877479323752905,False,False,2.773344302616446e-06,True,204.48430739999458
2,0.1,4,0.25,0.01711778839292689,0.004279447098231723,0.5,0.004976188892420292,0.004976188892420292,0.27281318748295513,0.49949924005636404,1.0715638478157152,False,False,2.329344701371899e-06,True,204.48430739999458
2,0.1,5,0.25,0.01966708326983966,0.004916770817459915,0.5,0.003897335657994627,0.003897335657994627,0.33539845046866185,0.5052105433546579,0.608343992454899,False,False,3.557637528607848e-06,True,204.48430739999458
2,0.1,0,0.4,0.0037291263170230325,0.0014916505268092132,0.19999999999999996,0.002203994728129369,0.002203994728129369,0.9069626787769208,0.1985155914558392,0.6513714222259344,False,True,2.1262327011256353e-06,True,204.48430739999458
2,0.1,1,0.4,0.010136125751419195,0.004054450300567679,0.19999999999999996,0.005999805530330935,0.005999805530330935,0.4575645191544917,0.19161279098938958,1.2847281746236214,False,True,1.8742795910636918e-06,True,204.48430739999458
2,0.1,2,0.4,0.013557841940041034,0.005423136776016414,0.19999999999999996,0.003185779956434195,0.003185779956434195,0.5882709866237225,0.197481191910001,0.4050664513087441,False,True,2.4764146674916836e-06,True,204.48430739999458
2,0.1,3,0.4,0.01577827232613264,0.0063113089304530565,0.19999999999999996,0.002814506918163711,0.002814506918163711,0.5693824071685875,0.20354670140589887,0.3186967038786475,False,True,2.761291672490101e-06,True,204.48430739999458
2,0.1,4,0.4,0.01711778839292689,0.0068471153571707565,0.19999999999999996,0.0075522730673918455,0.0075522730673918455,0.4140437054942136,0.19964303731407645,1.0691431416485082,False,True,2.328423298199136e-06,True,204.48430739999458
2,0.1,5,0.4,0.01966708326983966,0.007866833307935864,0.19999999999999996,0.005295712392017291,0.005295712392017291,0.4557405074327675,0.20169364665238648,0.6044135634781965,False,True,3.5328224888427954e-06,True,204.48430739999458
2,0.1,0,0.49,0.0037291263170230325,0.0018272718953412858,0.020000000000000018,0.0023101259385096464,0.0023101259385096464,0.950636579462714,0.01984845648432497,0.6503983559363177,False,True,2.123423166227116e-06,True,204.48430739999458
2,0.1,1,0.49,0.010136125751419195,0.004966701618195406,0.020000000000000018,0.007030920402112998,0.007030920402112998,0.5362006646286903,0.019146297952654837,1.2750324450483104,False,True,1.866557213552256e-06,True,204.48430739999458
2,0.1,2,0.49,0.013557841940041034,0.006643342550620107,0.020000000000000018,0.0035378140007337497,0.0035378140007337497,0.6532759202340881,0.01973534278833304,0.40286379745164347,False,True,2.4703387336110433e-06,True,204.48430739999458
2,0.1,3,0.49,0.01577827232613264,0.007731353439804994,0.020000000000000018,0.0031464592202922795,0.0031464592202922795,0.6365372610548355,0.02035695613313347,0.3186325490116967,False,True,2.7540255095934185e-06,True,204.48430739999458
2,0.1,4,0.49,0.01711778839292689,0.008387716312534176,0.020000000000000018,0.009144076976083156,0.009144076976083156,0.5013123175919927,0.01996134844386075,1.0680755649707288,False,True,2.3277944331171646e-06,True,204.48430739999458
2,0.1,5,0.49,0.01966708326983966,0.009636870802221432,0.020000000000000018,0.00623441554710596,0.00623441554710596,0.5365237940919371,0.020162027614983286,0.60266463556109,False,True,3.5184889444099195e-06,True,204.48430739999458
2,0.2,0,0.0,0.0037291263170230325,0.0,1.0,0.0011476339610636448,0.0011476339610636448,0.47226118932919514,1.0040803509668619,0.0,False,False,5.665215684249801e-09,True,211.1982691000012
2,0.2,1,0.0,0.010136125751419195,0.0,1.0,0.001047391583205566,0.001047391583205566,0.0798774599798541,0.9989619826519189,0.0,False,False,5.107814918067748e-09,True,211.1982691000012
2,0.2,2,0.0,0.013557841940041034,0.0,1.0,0.0012963236396545262,0.0012963236396545262,0.23937296263762686,1.0050753939811907,0.0,False,False,6.649897882498235e-09,True,211.1982691000012
2,0.2,3,0.0,0.01577827232613264,0.0,1.0,0.0012903879134406764,0.0012903879134406764,0.2610489857368923,1.0082981820710937,0.0,False,False,7.434070805591008e-09,True,211.1982691000012
2,0.2,4,0.0,0.01711778839292689,0.0,1.0,0.0012247562295678092,0.0012247562295678092,0.06714569283873945,0.9994830419348317,0.0,False,False,6.2162728154458585e-09,True,211.1982691000012
2,0.2,5,0.0,0.01966708326983966,0.0,1.0,0.0017311620577723258,0.0017311620577723258,0.1489810277172125,1.0057588547577383,0.0,False,False,9.445019995788115e-09,True,211.1982691000012
2,0.2,0,0.1,0.0037291263170230325,0.0003729126317023033,0.8,0.0011942503090824764,0.0011942503090824764,0.49144421519325476,0.8020886761835042,0.6615794488528746,False,False,5.658021848482377e-09,True,211.1982691000012
2,0.2,1,0.1,0.010136125751419195,0.0010136125751419197,0.8,0.0019137913561843908,0.0019137913561843908,0.14595190081206394,0.7930850042143504,1.3684645396509465,False,False,5.0899596209641514e-09,True,211.1982691000012
2,0.2,2,0.1,0.013557841940041034,0.0013557841940041034,0.8,0.0014912181767773622,0.0014912181767773622,0.2753612616440503,0.7991344076484437,0.417561698977335,False,False,6.63478654822126e-09,True,211.1982691000012
2,0.2,3,0.1,0.01577827232613264,0.0015778272326132641,0.8,0.001359402322359383,0.001359402322359383,0.2750107884334329,0.8074857306400616,0.3166956642952462,False,False,7.412795020213997e-09,True,211.1982691000012
2,0.2,4,0.1,0.01711778839292689,0.0017117788392926891,0.8,0.002174289084770706,0.002174289084770706,0.11920261640976182,0.7985097446533639,1.072349903708656,False,False,6.216091862208857e-09,True,211.1982691000012
2,0.2,5,0.1,0.01966708326983966,0.001966708326983966,0.8,0.001971020858573968,0.001971020858573968,0.16962289107715128,0.8019396485839538,0.606291977924332,False,False,9.392331185201263e-09,True,211.1982691000012
2,0.2,0,0.25,0.0037291263170230325,0.0009322815792557581,0.5,0.0013392320381496845,0.0013392320381496845,0.5511054365611067,0.5005132421259456,0.6586848369167422,False,False,5.647004709808968e-09,True,211.1982691000012
2,0.2,1,0.25,0.010136125751419195,0.002534031437854799,0.5,0.003731386318956369,0.003731386318956369,0.28456755442850934,0.4916434657220608,1.3380396821263258,False,False,5.062013413109644e-09,True,211.1982691000012
2,0.2,2,0.25,0.013557841940041034,0.0033894604850102585,0.5,0.0020179642051232753,0.0020179642051232753,0.372627679925497,0.4961961251286723,0.41083464301886563,False,False,6.611349567089585e-09,True,211.1982691000012
2,0.2,3,0.25,0.01577827232613264,0.00394456808153316,0.5,0.0017543632522338194,0.0017543632522338194,0.3549124591446113,0.5052602704523232,0.31666617605945113,False,False,7.3807723395097445e-09,True,211.1982691000012
2,0.2,4,0.25,0.01711778839292689,0.004279447098231723,0.5,0.00470579664318571,0.00470579664318571,0.2579892784676176,0.49833873103548293,1.0691167453253883,False,False,6.215506289887354e-09,True,211.1982691000012
2,0.2,5,0.25,0.01966708326983966,0.004916770817459915,0.5,0.003255466314856257,0.003255466314856257,0.28016020516886636,0.4994268037099563,0.6011911164610967,False,False,9.317080642963307e-09,True,211.1982691000012
2,0.2,0,0.4,0.0037291263170230325,0.0014916505268092132,0.19999999999999996,0.0015495375215228856,0.0015495375215228856,0.6376479414624331,0.200035324391711,0.6564716829370161,False,True,5.635700708191108e-09,True,211.1982691000012
2,0.2,1,0.4,0.010136125751419195,0.004054450300567679,0.19999999999999996,0.005588609526529001,0.005588609526529001,0.4262053857947972,0.19580269625583638,1.315070733820304,False,True,5.032589668547745e-09,True,211.1982691000012
2,0.2,2,0.4,0.013557841940041034,0.005423136776016414,0.19999999999999996,0.0026623629671064884,0.0026623629671064884,0.4916192928664206,0.1977877642440075,0.40582326813117786,False,True,6.586861118592177e-09,True,211.1982691000012
2,0.2,3,0.4,0.01577827232613264,0.0063113089304530565,0.19999999999999996,0.0023350780812219133,0.0023350780812219133,0.47239264903999195,0.2022307759167254,0.3166003270933794,False,True,7.3486212872824945e-09,True,211.1982691000012
2,0.2,4,0.4,0.01711778839292689,0.0068471153571707565,0.19999999999999996,0.00738170839336017,0.00738170839336017,0.40469271552969466,0.19917815023029278,1.0666871274950573,False,True,6.214520526445972e-09,True,211.1982691000012
2,0.2,5,0.4,0.01966708326983966,0.007866833307935864,0.19999999999999996,0.004854970569305813,0.004854970569305813,0.41781097367784675,0.1993896527766768,0.597371481595393,False,True,9.245860893422401e-09,True,211.1982691000012
2,0.2,0,0.49,0.0037291263170230325,0.0018272718953412858,0.020000000000000018,0.0016970747532463917,0.0016970747532463917,0.6983607740275336,0.020000332330258143,0.6554666068439204,False,True,5.628772904208029e-09,True,211.1982691000012
2,0.2,1,0.49,0.010136125751419195,0.004966701618195406,0.020000000000000018,0.006698843690736253,0.006698843690736253,0.5108754236695681,0.019564263108991158,1.3046784174808794,False,True,5.014189946406234e-09,True,211.1982691000012
2,0.2,2,0.49,0.013557841940041034,0.006643342550620107,0.020000000000000018,0.003073278359953549,0.003073278359953549,0.5674969764712795,0.01976584496176225,0.40358996062219304,False,True,6.571594825842127e-09,True,211.1982691000012
2,0.2,3,0.49,0.01577827232613264,0.007731353439804994,0.020000000000000018,0.0027250142403245107,0.0027250142403245107,0.5512777949527852,0.020225476961806235,0.31654079380538924,False,True,7.329271650725399e-09,True,211.1982691000012
2,0.2,4,0.49,0.01711778839292689,0.008387716312534176,0.020000000000000018,0.009001804645408047,0.009001804645408047,0.4935124191433573,0.01991484691301248,1.0656157611100538,False,True,6.213724832997593e-09,True,211.1982691000012
2,0.2,5,0.49,0.01966708326983966,0.009636870802221432,0.020000000000000018,0.005858372907316109,0.005858372907316109,0.5041621681598873,0.01993180655364057,0.5956725118387028,False,True,9.204852518902223e-09,True,211.1982691000012
2,0.4,0,0.0,0.0037291263170230325,0.0,1.0,0.0011455218970051679,0.0011455218970051679,0.47139205690715413,1.004103092270856,0.0,False,False,2.8759126245179328e-15,True,204.41692299999704
2,0.4,1,0.0,0.010136125751419195,0.0,1.0,0.0010445779216594366,0.0010445779216594366,0.07966288107626968,0.999026581325902,0.0,False,False,2.681435368941101e-15,True,204.41692299999704
2,0.4,2,0.0,0.013557841940041034,0.0,1.0,0.001294164831124347,0.001294164831124347,0.23897432731398646,1.005081031145135,0.0,False,False,3.422458837581525e-15,True,204.41692299999704
2,0.4,3,0.0,0.01577827232613264,0.0,1.0,0.0012883027556268715,0.0012883027556268715,0.26062715263792613,1.0082802374333346,0.0,False,False,3.824347315249342e-15,True,204.41692299999704
2,0.4,4,0.0,0.01711778839292689,0.0,1.0,0.0012223685742999077,0.0012223685742999077,0.06701479269440633,0.999476440931525,0.0,False,False,3.2345217038738344e-15,True,204.41692299999704
2,0.4,5,0.0,0.01966708326983966,0.0,1.0,0.0017279688870009474,0.0017279688870009474,0.14870622856651444,1.0057260869054907,0.0,False,False,4.8048624733767405e-15,True,204.41692299999704
2,0.4,0,0.1,0.0037291263170230325,0.0003729126317023033,0.8,0.0011921810914312528,0.0011921810914312528,0.490592714434213,0.8021067654443256,0.6615949397742128,False,False,2.860577960602079e-15,True,204.41692299999704
2,0.4,1,0.1,0.010136125751419195,0.0010136125751419197,0.8,0.00191161124139308,0.00191161124139308,0.14578563822719434,0.7931355179300685,1.3685632101317968,False,False,2.664757069509127e-15,True,204.41692299999704
2,0.4,2,0.1,0.013557841940041034,0.0013557841940041034,0.8,0.0014892212231991384,0.0014892212231991384,0.27499251368663696,0.7991387403300654,0.41756460403110746,False,False,3.438045527750241e-15,True,204.41692299999704
2,0.4,3,0.1,0.01577827232613264,0.0015778272326132641,0.8,0.001357489499870211,0.001357489499870211,0.27462381923952467,0.8074714905752454,0.31668997695866646,False,False,3.7859870223111e-15,True,204.41692299999704
2,0.4,4,0.1,0.01711778839292689,0.0017117788392926891,0.8,0.0021731018892792945,0.0021731018892792945,0.11913752993632214,0.7985044507961505,1.0723429366395785,False,False,3.224444835915067e-15,True,204.41692299999704
2,0.4,5,0.1,0.01966708326983966,0.001966708326983966,0.8,0.0019685315406826913,0.0019685315406826913,0.16940866437544405,0.8019136231541476,0.6062715927026003,False,False,4.7356989077882054e-15,True,204.41692299999704
2,0.4,0,0.25,0.0037291263170230325,0.0009322815792557581,0.5,0.001337351150454708,0.001337351150454708,0.5503314351896232,0.5005244781460088,0.6587000630806409,False,False,2.824700790000551e-15,True,204.41692299999704
2,0.4,1,0.25,0.010136125751419195,0.002534031437854799,0.5,0.0037299951380153334,0.0037299951380153334,0.28446145848337845,0.4916742713220369,1.3381323594124788,False,False,2.616725804255471e-15,True,204.41692299999704
2,0.4,2,0.25,0.013557841940041034,0.0033894604850102585,0.5,0.002016396539011184,0.002016396539011184,0.3723382021514298,0.49619871777151436,0.41083728070570985,False,False,3.383081290885843e-15,True,204.41692299999704
2,0.4,3,0.25,0.01577827232613264,0.00394456808153316,0.5,0.0017529317686118355,0.0017529317686118355,0.3546228661131472,0.5052514488670317,0.3166605400568374,False,False,3.7801312592236425e-15,True,204.41692299999704
2,0.4,4,0.25,0.01711778839292689,0.004279447098231723,0.5,0.004705316699902818,0.004705316699902818,0.2579629661913661,0.49833541367374085,1.0691097452738154,False,False,3.2280710650977547e-15,True,204.41692299999704
2,0.4,5,0.25,0.01966708326983966,0.004916770817459915,0.5,0.003254133004705324,0.003254133004705324,0.2800454626375938,0.4994106638355609,0.6011711455458639,False,False,4.682356115512912e-15,True,204.41692299999704
2,0.4,0,0.4,0.0037291263170230325,0.0014916505268092132,0.19999999999999996,0.0015478985140135004,0.0015478985140135004,0.6369734758558347,0.20003980385822454,0.6564867065094936,False,True,2.8565515617809726e-15,True,204.41692299999704
2,0.4,1,0.4,0.010136125751419195,0.004054450300567679,0.19999999999999996,0.0055876531234066934,0.0055876531234066934,0.42613244740828377,0.19581485754823152,1.3151589026361985,False,True,2.620799897607003e-15,True,204.41692299999704
2,0.4,2,0.4,0.013557841940041034,0.005423136776016414,0.19999999999999996,0.0026611399144755446,0.0026611399144755446,0.49139344978003763,0.19778877722794994,0.40582570816545005,False,True,3.3453390126057596e-15,True,204.41692299999704
2,0.4,3,0.4,0.01577827232613264,0.0063113089304530565,0.19999999999999996,0.002334016624344723,0.002334016624344723,0.4721779134257571,0.2022272642052456,0.31659472626153534,False,True,3.758827963731199e-15,True,204.41692299999704
2,0.4,4,0.4,0.01711778839292689,0.0068471153571707565,0.19999999999999996,0.007381415502732001,0.007381415502732001,0.40467665817584775,0.19917682143555326,1.0666801036584175,False,True,3.2052571602379114e-15,True,204.41692299999704
2,0.4,5,0.4,0.01966708326983966,0.007866833307935864,0.19999999999999996,0.004854106910539017,0.004854106910539017,0.41773664859077786,0.19938322365550418,0.5973518234959292,False,True,4.6476816582090975e-15,True,204.41692299999704
2,0.4,0,0.49,0.0037291263170230325,0.0018272718953412858,0.020000000000000018,0.0016955784253421477,0.0016955784253421477,0.6977450222986201,0.020000779995349834,0.6554815381588132,False,True,2.8403567125326333e-15,True,204.41692299999704
2,0.4,1,0.49,0.010136125751419195,0.004966701618195406,0.020000000000000018,0.006698089931106234,0.006698089931106234,0.5108179395293031,0.019565476233255573,1.3047645434413584,False,True,2.6332650412019854e-15,True,204.41692299999704
2,0.4,2,0.49,0.013557841940041034,0.006643342550620107,0.020000000000000018,0.0030722147015201907,0.0030722147015201907,0.5673005663599161,0.019765945811106984,0.40359231228233694,False,True,3.3501558284958055e-15,True,204.41692299999704
2,0.4,3,0.49,0.01577827232613264,0.007731353439804994,0.020000000000000018,0.0027241020387884264,0.0027241020387884264,0.5510932541001453,0.020225126109269364,0.3165352063255285,False,True,3.753495691696218e-15,True,204.41692299999704
2,0.4,4,0.49,0.01711778839292689,0.008387716312534176,0.020000000000000018,0.00900155890196485,0.00900155890196485,0.49349894657358734,0.019914713999142526,1.0656087271878902,False,True,3.19163220569228e-15,True,204.41692299999704
2,0.4,5,0.49,0.01966708326983966,0.009636870802221432,0.020000000000000018,0.005857639041824133,0.005857639041824133,0.5040990128736969,0.01993116414499642,0.5956529947707403,False,True,4.6008890251944076e-15,True,204.41692299999704
4,0.025,0,0.0,0.19287904671686304,0.0,1.0,0.09789357127138577,0.09789357127138577,0.646037824867914,1.1564945649565135,0.0,False,False,0.00043441395123735747,True,192.44970079998893
4,0.025,1,0.0,0.20168224158403902,0.0,1.0,0.16603229570513467,0.16603229570513467,0.9459611687053013,1.132760764297236,0.0,False,False,0.0005062945756436696,True,192.44970079998893
4,0.025,2,0.0,0.20887304425909825,0.0,1.0,0.04397479405731633,0.04397479405731633,0.2936303547456488,1.0806946689148593,0.0,False,False,0.0004507693555118321,True,192.44970079998893
4,0.025,3,0.0,0.21278529855429382,0.0,1.0,0.05982051675167735,0.05982051675167735,0.39845252432919215,1.2562526899640791,0.0,False,False,0.00035924486408545135,True,192.44970079998893
4,0.025,4,0.0,0.2146661775001786,0.0,1.0,0.16203080863402552,0.16203080863402552,0.7797138673517714,1.010671137929404,0.0,False,False,0.000447585926140622,True,192.44970079998893
4,0.025,5,0.0,0.2179545414804943,0.0,1.0,0.20545217142905844,0.20545217142905844,0.4082403709325687,0.8766709907745796,0.0,False,False,0.00044029405068289417,True,192.44970079998893
4,0.025,0,0.1,0.19287904671686304,0.019287904671686305,0.8,0.09713185302173948,0.09713185302173948,0.6410109493052739,1.0122279239192395,0.7143272337045204,False,False,0.00043450664491206687,True,192.44970079998893
4,0.025,1,0.1,0.20168224158403902,0.020168224158403903,0.8,0.16248294100885394,0.16248294100885394,0.9257388878388955,1.0472760636270666,0.4054699879385892,False,False,0.000509344361577174,True,192.44970079998893
4,0.025,2,0.1,0.20887304425909825,0.020887304425909827,0.8,0.043168902399875,0.043168902399875,0.28824922088626953,1.0205272959886336,0.22234361254585325,False,False,0.0004508469814294453,True,192.44970079998893
4,0.025,3,0.1,0.21278529855429382,0.021278529855429384,0.8,0.056783527275000724,0.056783527275000724,0.3782237434852175,1.176611260036884,0.29144830959861906,False,False,0.0003577515930046873,True,192.44970079998893
4,0.025,4,0.1,0.2146661775001786,0.02146661775001786,0.8,0.15946348947953357,0.15946348947953357,0.7673595850794626,0.9585687020084294,0.27560288982301046,False,False,0.00044647504860566913,True,192.44970079998893
4,0.025,5,0.1,0.2179545414804943,0.021795454148049433,0.8,0.20676356028311435,0.20676356028311435,0.41084614466809466,0.8575222707350586,0.27307846114089723,False,False,0.0004391387655419731,True,192.44970079998893
4,0.025,0,0.25,0.19287904671686304,0.04821976167921576,0.5,0.10700796159655904,0.10700796159655904,0.7061872384013971,0.692852537800192,0.898894794316654,False,False,0.00043367289972381825,True,192.44970079998893
4,0.025,1,0.25,0.20168224158403902,0.050420560396009756,0.5,0.15756750123431043,0.15756750123431043,0.897733401712958,0.8744172896934277,0.48125490142349714,False,False,0.0005123701307959399,True,192.44970079998893
4,0.025,2,0.25,0.20887304425909825,0.05221826106477456,0.5,0.04327972156305837,0.04327972156305837,0.2889891872896536,0.8876987210388408,0.2865366254892197,False,False,0.0004509812759233911,True,192.44970079998893
4,0.025,3,0.25,0.21278529855429382,0.053196324638573454,0.5,0.05306872404675603,0.05306872404675603,0.35348018050623625,1.01709832633604,0.3463286902928279,False,False,0.0003548879671207073,True,192.44970079998893
4,0.025,4,0.25,0.2146661775001786,0.05366654437504465,0.5,0.15549559809124616,0.15549559809124616,0.7482655623706005,0.8487037597155263,0.3366627842438374,False,False,0.00044393180926971114,True,192.44970079998893
4,0.025,5,0.25,0.2179545414804943,0.05448863537012358,0.5,0.21205642305929853,0.21205642305929853,0.4213632409246836,0.8009753406349804,0.44007949709143296,False,False,0.0004349360222056258,True,192.44970079998893
4,0.025,0,0.4,0.19287904671686304,0.07715161868674522,0.19999999999999996,0.13164795618982866,0.13164795618982866,0.8687961646572727,0.25572274525622746,1.0600243926536763,False,False,0.0004306887635804084,True,192.44970079998893
4,0.025,1,0.4,0.20168224158403902,0.08067289663361561,0.19999999999999996,0.15635060115151522,0.15635060115151522,0.8908001709241548,0.507150026766337,0.7103266821985245,False,False,0.0005097365319111181,True,192.44970079998893
4,0.025,2,0.4,0.20887304425909825,0.08354921770363931,0.19999999999999996,0.05416583063734409,0.05416583063734409,0.3616783752166298,0.5474735319819816,0.4982498771738385,False,False,0.00045034139975982425,True,192.44970079998893
4,0.025,3,0.4,0.21278529855429382,0.08511411942171754,0.19999999999999996,0.05693264131716651,0.05693264131716651,0.3792169623629568,0.6495758999799495,0.5414828223072292,False,False,0.0003490875933631852,True,192.44970079998893
4,0.025,4,0.4,0.2146661775001786,0.08586647100007144,0.19999999999999996,0.15364280464488655,0.15364280464488655,0.7393496731292646,0.5712254668754401,0.5529410106174162,False,False,0.0004373769681037276,True,192.44970079998893
4,0.025,5,0.4,0.2179545414804943,0.08718181659219773,0.19999999999999996,0.26896837738921625,0.26896837738921625,0.5344492072814107,0.4576422550650064,1.6020037325950662,False,False,0.00039719143039017367,True,192.44970079998893
4,0.025,0,0.49,0.19287904671686304,0.09451073289126288,0.020000000000000018,0.1426506740805985,0.1426506740805985,0.9414073876566111,0.02467980666074607,1.0433479603400468,False,True,0.0004268478329801672,True,192.44970079998893
4,0.025,1,0.49,0.20168224158403902,0.09882429837617912,0.020000000000000018,0.16834501289546022,0.16834501289546022,0.959137765745979,0.058379157344463785,0.9765170088319982,False,True,0.0004969818189017547,True,192.44970079998893
4,0.025,2,0.49,0.20887304425909825,0.10234779168695814,0.020000000000000018,0.08258711071275553,0.08258711071275553,0.5514541485833282,0.06409241062811205,0.7667123903632619,False,True,0.00044442225056970776,True,192.44970079998893
4,0.025,3,0.49,0.21278529855429382,0.10426479629160397,0.020000000000000018,0.08504340323834793,0.08504340323834793,0.5664571377497333,0.08158801598123674,0.8489800432616165,False,True,0.00034267943842126194,True,192.44970079998893
4,0.025,4,0.49,0.2146661775001786,0.10518642697508751,0.020000000000000018,0.17103732241793626,0.17103732241793626,0.8230544132208697,0.07527239591067705,0.9363667228280619,False,True,0.00043207762372794885,True,192.44970079998893
4,0.025,5,0.49,0.2179545414804943,0.10679772532544221,0.020000000000000018,0.3661380931427414,0.3661380931427414,0.7275286988570386,0.034835634041171015,2.539753242717296,False,True,0.0003549678909538771,True,192.44970079998893
4,0.05,0,0.0,0.19287904671686304,0.0,1.0,0.016654984853479465,0.016654984853479465,0.10991273531252806,1.0163009475668248,0.0,False,False,7.993270757499874e-05,True,163.04159630001232
4,0.05,1,0.0,0.20168224158403902,0.0,1.0,0.023622110894370035,0.023622110894370035,0.13458586194946803,1.0410430637936665,0.0,False,False,0.00010787016565082942,True,163.04159630001232
4,0.05,2,0.0,0.20887304425909825,0.0,1.0,0.009489905848912673,0.009489905848912673,0.06336640069961683,1.0184896292176426,0.0,False,False,8.172826035615012e-05,True,163.04159630001232
4,0.05,3,0.0,0.21278529855429382,0.0,1.0,0.013166119144196822,0.013166119144196822,0.08769689219505158,1.0485136803904367,0.0,False,False,7.048028324550296e-05,True,163.04159630001232
4,0.05,4,0.0,0.2146661775001786,0.0,1.0,0.020941704704256336,0.020941704704256336,0.10077427682765754,0.9722939032360968,0.0,False,False,0.00011128834298071895,True,163.04159630001232
4,0.05,5,0.0,0.2179545414804943,0.0,1.0,0.026754154737515717,0.026754154737515717,0.053161404808038784,0.9739343848873683,0.0,False,False,0.00013412507032755063,True,163.04159630001232
4,0.05,0,0.1,0.19287904671686304,0.019287904671686305,0.8,0.018137717962717674,0.018137717962717674,0.11969786890517578,0.9547685420744426,0.3104582806472315,False,False,7.900923391137015e-05,True,163.04159630001232
4,0.05,1,0.1,0.20168224158403902,0.020168224158403903,0.8,0.022022803536727042,0.022022803536727042,0.12547388376034657,0.9905336990327049,0.2357167224320242,False,False,0.00010786642735617744,True,163.04159630001232
4,0.05,2,0.1,0.20887304425909825,0.020887304425909827,0.8,0.009247998210159952,0.009247998210159952,0.06175112478291642,0.9806391787878012,0.1391930866655863,False,False,8.158890060076858e-05,True,163.04159630001232
4,0.05,3,0.1,0.21278529855429382,0.021278529855429384,0.8,0.012049293885320571,0.012049293885320571,0.08025794201879174,1.012682386830116,0.1315397080168186,False,False,7.044234658105959e-05,True,163.04159630001232
4,0.05,4,0.1,0.2146661775001786,0.02146661775001786,0.8,0.021259417435601734,0.021259417435601734,0.10230315287630914,0.9495815504761107,0.11053019458177177,False,False,0.0001108095311945421,True,163.04159630001232
4,0.05,5,0.1,0.2179545414804943,0.021795454148049433,0.8,0.02692673198516671,0.02692673198516671,0.05350432160032925,0.9660642236165605,0.11014218225931803,False,False,0.00013411600794561326,True,163.04159630001232
4,0.05,0,0.25,0.19287904671686304,0.04821976167921576,0.5,0.029348079030933973,0.029348079030933973,0.19367941014874596,0.7938133017325237,0.43753707785051016,False,False,7.84656614762557e-05,True,163.04159630001232
4,0.05,1,0.25,0.20168224158403902,0.050420560396009756,0.5,0.022123789811588804,0.022123789811588804,0.1260492482952144,0.8818420484295263,0.29478589170601927,False,False,0.00010777263346121068,True,163.04159630001232
4,0.05,2,0.25,0.20887304425909825,0.05221826106477456,0.5,0.011813274424447903,0.011813274424447903,0.07888009561653024,0.893470177457845,0.18475584523990052,False,False,8.130863474200401e-05,True,163.04159630001232
4,0.05,3,0.25,0.21278529855429382,0.053196324638573454,0.5,0.011820547921454627,0.011820547921454627,0.0787343108019159,0.9344110229484061,0.16707785132554012,False,False,7.034592222302404e-05,True,163.04159630001232
4,0.05,4,0.25,0.2146661775001786,0.05366654437504465,0.5,0.022965096849728514,0.022965096849728514,0.11051110976835304,0.897965684723355,0.14467596938099292,False,False,0.00010973916740686719,True,163.04159630001232
4,0.05,5,0.25,0.2179545414804943,0.05448863537012358,0.5,0.02834883238284316,0.02834883238284316,0.05633008289461302,0.9452618400483519,0.16174653369411973,False,False,0.00013412203814038958,True,163.04159630001232
4,0.05,0,0.4,0.19287904671686304,0.07715161868674522,0.19999999999999996,0.07897739934193106,0.07897739934193106,0.5212026348812914,0.27104081749570563,0.9317616132712321,False,False,7.749147529394866e-05,True,163.04159630001232
4,0.05,1,0.4,0.20168224158403902,0.08067289663361561,0.19999999999999996,0.038610579605855455,0.038610579605855455,0.21998195503608015,0.5975182584514606,0.5065914001205174,False,False,0.00010730273065029889,True,163.04159630001232
4,0.05,2,0.4,0.20887304425909825,0.08354921770363931,0.19999999999999996,0.029860618507878658,0.029860618507878658,0.19938658482322372,0.6259462208935586,0.36747908458853795,False,False,8.155934784569254e-05,True,163.04159630001232
4,0.05,3,0.4,0.21278529855429382,0.08511411942171754,0.19999999999999996,0.023506628724373892,0.023506628724373892,0.15657296296146167,0.7043571620547447,0.3157834232031963,False,False,7.002535936155823e-05,True,163.04159630001232
4,0.05,4,0.4,0.2146661775001786,0.08586647100007144,0.19999999999999996,0.03502892677215229,0.03502892677215229,0.1685638687663834,0.7291660301148237,0.2970231413375635,False,False,0.00010629275180566425,True,163.04159630001232
4,0.05,5,0.4,0.2179545414804943,0.08718181659219773,0.19999999999999996,0.09484661499022908,0.09484661499022908,0.18846341226760668,0.7076192912715487,1.0402058445792641,False,False,0.00013417960473189914,True,163.04159630001232
4,0.05,0,0.49,0.19287904671686304,0.09451073289126288,0.020000000000000018,0.09903260091081703,0.09903260091081703,0.6535547253258436,0.022166027366307448,0.9783386874716137,False,True,7.631818772725297e-05,True,163.04159630001232
4,0.05,1,0.49,0.20168224158403902,0.09882429837617912,0.020000000000000018,0.08230172406115505,0.08230172406115505,0.46891018851908667,0.0785612652901069,0.8780941456340962,False,True,0.0001065680733220964,True,163.04159630001232
4,0.05,2,0.49,0.20887304425909825,0.10234779168695814,0.020000000000000018,0.0713801381451683,0.0713801381451683,0.4766224773683064,0.0806278536993272,0.7125128788917635,False,True,8.17345060256717e-05,True,163.04159630001232
4,0.05,3,0.49,0.21278529855429382,0.10426479629160397,0.020000000000000018,0.06803430512790419,0.06803430512790419,0.4531629295635567,0.10579637268674606,0.7016080095789414,False,True,6.905289300990622e-05,True,163.04159630001232
4,0.05,4,0.49,0.2146661775001786,0.10518642697508751,0.020000000000000018,0.09786287221315881,0.09786287221315881,0.4709291967790047,0.11699765316096987,0.8711799330094844,False,True,9.595668771424398e-05,True,163.04159630001232
4,0.05,5,0.49,0.2179545414804943,0.10679772532544221,0.020000000000000018,0.3257766245379582,0.3257766245379582,0.6473291039830101,0.021390559827993906,3.0284350784903293,False,True,0.0001341796632030713,True,163.04159630001232
4,0.1,0,0.0,0.19287904671686304,0.0,1.0,0.002763972977535422,0.002763972977535422,0.018240534768625957,1.001802232255994,0.0,False,False,4.658420796496065e-06,True,189.85222149999754
4,0.1,1,0.0,0.20168224158403902,0.0,1.0,0.003908275569328067,0.003908275569328067,0.02226721560093215,1.0034921779755175,0.0,False,False,6.2443857409576896e-06,True,189.85222149999754
4,0.1,2,0.0,0.20887304425909825,0.0,1.0,0.0024253125871491208,0.0024253125871491208,0.01619439978287289,1.001974094555348,0.0,False,False,4.699054973645145e-06,True,189.85222149999754
4,0.1,3,0.0,0.21278529855429382,0.0,1.0,0.002442396082432359,0.002442396082432359,0.016268312901687117,1.0047389523984374,0.0,False,False,4.206785672701336e-06,True,189.85222149999754
4,0.1,4,0.0,0.2146661775001786,0.0,1.0,0.0033745972257955277,0.0033745972257955277,0.016239012048768167,0.990590409648375,0.0,False,False,6.109029378455713e-06,True,189.85222149999754
4,0.1,5,0.0,0.2179545414804943,0.0,1.0,0.004240434566282491,0.004240434566282491,0.008425886025995085,0.996730081750627,0.0,False,False,7.276571687629215e-06,True,189.85222149999754
4,0.1,0,0.1,0.19287904671686304,0.019287904671686305,0.8,0.005416748538406336,0.005416748538406336,0.03574723445227256,0.9523422913648493,0.2498190161054434,False,False,4.5199038368104924e-06,True,189.85222149999754
4,0.1,1,0.1,0.20168224158403902,0.020168224158403903,0.8,0.004613501636871129,0.004613501636871129,0.026285207836847777,0.960493638950948,0.20168216033089875,False,False,6.2280770683659106e-06,True,189.85222149999754
4,0.1,2,0.1,0.20887304425909825,0.020887304425909827,0.8,0.003195794714755238,0.003195794714755238,0.021339095632028918,0.9690481090179149,0.12112322527473676,False,False,4.687846862520833e-06,True,189.85222149999754
4,0.1,3,0.1,0.21278529855429382,0.021278529855429384,0.8,0.0027436976651818855,0.0027436976651818855,0.018275222616781873,0.9758540392693145,0.10670103728849752,False,False,4.206126828319527e-06,True,189.85222149999754
4,0.1,4,0.1,0.2146661775001786,0.02146661775001786,0.8,0.004356429467441583,0.004356429467441583,0.020963719779836937,0.9714420506558065,0.09305405019601795,False,False,6.09576484879308e-06,True,189.85222149999754
4,0.1,5,0.1,0.2179545414804943,0.021795454148049433,0.8,0.004633616762022121,0.004633616762022121,0.009207152265803372,0.9903130880397358,0.09022086775851333,False,False,7.276087686084594e-06,True,189.85222149999754
4,0.1,0,0.25,0.19287904671686304,0.04821976167921576,0.5,0.01619409052026931,0.01619409052026931,0.10687111400222177,0.8324965610086101,0.3282065153863891,False,False,4.3878862152957615e-06,True,189.85222149999754
4,0.1,1,0.25,0.20168224158403902,0.050420560396009756,0.5,0.012169788734587501,0.012169788734587501,0.06933679694890216,0.8665791645087908,0.25473103341119174,False,False,6.190251519241219e-06,True,189.85222149999754
4,0.1,2,0.25,0.20887304425909825,0.05221826106477456,0.5,0.008370097606268079,0.008370097606268079,0.055889169740757395,0.8924962478362775,0.1618459495401073,False,False,4.663518820559222e-06,True,189.85222149999754
4,0.1,3,0.25,0.21278529855429382,0.053196324638573454,0.5,0.006958458376702819,0.006958458376702819,0.04634890262058974,0.9111384939784236,0.1383877492000471,False,False,4.204091438442321e-06,True,189.85222149999754
4,0.1,4,0.25,0.2146661775001786,0.05366654437504465,0.5,0.008201474557088875,0.008201474557088875,0.03946658971096471,0.9273635185559908,0.12297519273628316,False,False,6.064234865875437e-06,True,189.85222149999754
4,0.1,5,0.25,0.2179545414804943,0.05448863537012358,0.5,0.008090485909060344,0.008090485909060344,0.016076067464100646,0.9739338451898996,0.128725891465259,False,False,7.2758312732933285e-06,True,189.85222149999754
4,0.1,0,0.4,0.19287904671686304,0.07715161868674522,0.19999999999999996,0.06450450547238518,0.06450450547238518,0.4256903683085977,0.33716708165736964,0.8279104590727232,False,False,4.335819581681808e-06,True,189.85222149999754
4,0.1,1,0.4,0.20168224158403902,0.08067289663361561,0.19999999999999996,0.0355647764905414,0.0355647764905414,0.20262863553656768,0.6089424421017762,0.45268351194922407,False,False,6.086311308762812e-06,True,189.85222149999754
4,0.1,2,0.4,0.20887304425909825,0.08354921770363931,0.19999999999999996,0.027468541389586234,0.027468541389586234,0.18341410631865881,0.6467590917259679,0.3332592183282436,False,False,4.6048199575232375e-06,True,189.85222149999754
4,0.1,3,0.4,0.21278529855429382,0.08511411942171754,0.19999999999999996,0.023066193966397513,0.023066193966397513,0.1536393149315308,0.7061862393023438,0.27980900420353655,False,False,4.196477248135488e-06,True,189.85222149999754
4,0.1,4,0.4,0.2146661775001786,0.08586647100007144,0.19999999999999996,0.024354753921144483,0.024354753921144483,0.1171983249873663,0.77275916363297,0.2686278514586512,False,False,5.944659498933959e-06,True,189.85222149999754
4,0.1,5,0.4,0.2179545414804943,0.08718181659219773,0.19999999999999996,0.06852454158317066,0.06852454158317066,0.13616056758766,0.795420859596938,0.7862586705051332,False,False,7.275698969828036e-06,True,189.85222149999754
4,0.1,0,0.49,0.19287904671686304,0.09451073289126288,0.020000000000000018,0.09123706235288846,0.09123706235288846,0.6021089285464364,0.025920442022742726,0.9586983841416884,False,True,4.267236724544468e-06,True,189.85222149999754
4,0.1,1,0.49,0.20168224158403902,0.09882429837617912,0.020000000000000018,0.08230470918392321,0.08230470918392321,0.4689271961151722,0.08356765684746656,0.841257326131241,False,True,5.9434036525965355e-06,True,189.85222149999754
4,0.1,2,0.49,0.20887304425909825,0.10234779168695814,0.020000000000000018,0.0711493115938925,0.0711493115938925,0.47508119255756937,0.08589354296131108,0.6991981541314574,False,True,4.585395153931902e-06,True,189.85222149999754
4,0.1,3,0.49,0.21278529855429382,0.10426479629160397,0.020000000000000018,0.07119934501849656,0.07119934501849656,0.4742446286609447,0.10405809350409773,0.6909611018664761,False,True,4.167245108168183e-06,True,189.85222149999754
4,0.1,4,0.49,0.2146661775001786,0.10518642697508751,0.020000000000000018,0.09948351548196678,0.09948351548196678,0.47872794839527305,0.11167439580756809,0.9333216941030963,False,True,5.443925419250674e-06,True,189.85222149999754
4,0.1,5,0.49,0.2179545414804943,0.10679772532544221,0.020000000000000018,0.3361736255602708,0.3361736255602708,0.6679882945109662,0.017378048682304068,3.1470787455216884,False,True,7.263707032275861e-06,True,189.85222149999754
4,0.2,0,0.0,0.19287904671686304,0.0,1.0,0.0019766423487339126,0.0019766423487339126,0.013044633135078233,1.0009054401169712,0.0,False,False,1.1519617645443847e-08,True,166.63172250000935
4,0.2,1,0.0,0.20168224158403902,0.0,1.0,0.0027729152966558695,0.0027729152966558695,0.01579855403194472,1.0007593561671875,0.0,False,False,1.5905078720144974e-08,True,166.63172250000935
4,0.2,2,0.0,0.20887304425909825,0.0,1.0,0.002010468492552704,0.002010468492552704,0.013424385249053442,1.0008635398986547,0.0,False,False,1.1379844966443837e-08,True,166.63172250000935
4,0.2,3,0.0,0.21278529855429382,0.0,1.0,0.0019319160559207909,0.0019319160559207909,0.012868107316243662,1.0020111395038882,0.0,False,False,1.0328588298995802e-08,True,166.63172250000935
4,0.2,4,0.0,0.2146661775001786,0.0,1.0,0.0024118925936732314,0.0024118925936732314,0.011606348926503706,0.9917672449219822,0.0,False,False,1.5259362277800993e-08,True,166.63172250000935
4,0.2,5,0.0,0.2179545414804943,0.0,1.0,0.0030332636202727407,0.0030332636202727407,0.006027196777056156,0.9981239330046899,0.0,False,False,1.8202352321881886e-08,True,166.63172250000935
4,0.2,0,0.1,0.19287904671686304,0.019287904671686305,0.8,0.004889963904276469,0.004889963904276469,0.0322707773694715,0.952075102686546,0.246617958658782,False,False,1.112175042147e-08,True,166.63172250000935
4,0.2,1,0.1,0.20168224158403902,0.020168224158403903,0.8,0.004241907117144339,0.004241907117144339,0.024168065598511743,0.9582184174222421,0.19959925607661141,False,False,1.584020368388589e-08,True,166.63172250000935
4,0.2,2,0.1,0.20887304425909825,0.020887304425909827,0.8,0.002980240967441427,0.002980240967441427,0.019899791033853594,0.9682499363163334,0.11998100720392094,False,False,1.1343493798147995e-08,True,166.63172250000935
4,0.2,3,0.1,0.21278529855429382,0.021278529855429384,0.8,0.0026187691234669914,0.0026187691234669914,0.017443098531099037,0.9735126513095547,0.1053374638685572,False,False,1.0313723047062431e-08,True,166.63172250000935
4,0.2,4,0.1,0.2146661775001786,0.02146661775001786,0.8,0.0035945121425280152,0.0035945121425280152,0.017297271966492375,0.9728248994583186,0.0920527778545018,False,False,1.5227952940937872e-08,True,166.63172250000935
4,0.2,5,0.1,0.2179545414804943,0.021795454148049433,0.8,0.0035316151173708887,0.0035316151173708887,0.007017437953944364,0.9917880088592422,0.08909984593876379,False,False,1.8200775138541334e-08,True,166.63172250000935
4,0.2,0,0.25,0.19287904671686304,0.04821976167921576,0.5,0.015584095184312034,0.015584095184312034,0.10284551707176631,0.8344835410203703,0.32218337113918105,False,False,1.073441914539288e-08,True,166.63172250000935
4,0.2,1,0.25,0.20168224158403902,0.050420560396009756,0.5,0.012311403122198654,0.012311403122198654,0.07014363823867172,0.865215143782807,0.25226160839040684,False,False,1.569981758171479e-08,True,166.63172250000935
4,0.2,2,0.25,0.20887304425909825,0.05221826106477456,0.5,0.00831014797679789,0.00831014797679789,0.0554888715393546,0.8923792111542949,0.16038680650908482,False,False,1.1263701684177473e-08,True,166.63172250000935
4,0.2,3,0.25,0.21278529855429382,0.053196324638573454,0.5,0.007101854649400159,0.007101854649400159,0.047304036576935084,0.9095607793541194,0.1368024975382656,False,False,1.0280727550946648e-08,True,166.63172250000935
4,0.2,4,0.25,0.2146661775001786,0.05366654437504465,0.5,0.007703259198817107,0.007703259198817107,0.03706911094105037,0.9291852060412049,0.12172647557616395,False,False,1.5153923309287433e-08,True,166.63172250000935
4,0.2,5,0.25,0.2179545414804943,0.05448863537012358,0.5,0.007413968339420191,0.007413968339420191,0.014731804311994414,0.9756525965296619,0.1268856789066348,False,False,1.8199502796463225e-08,True,166.63172250000935
4,0.2,0,0.4,0.19287904671686304,0.07715161868674522,0.19999999999999996,0.06341657995804624,0.06341657995804624,0.4185107238868677,0.3431117570570115,0.818680611195932,False,False,1.0598714179057422e-08,True,166.63172250000935
4,0.2,1,0.4,0.20168224158403902,0.08067289663361561,0.19999999999999996,0.03570664485096377,0.03570664485096377,0.20343692382444262,0.6093318430541983,0.449230667060201,False,False,1.5339608414406265e-08,True,166.63172250000935
4,0.2,2,0.4,0.20887304425909825,0.08354921770363931,0.19999999999999996,0.027372932272144455,0.027372932272144455,0.1827757010759928,0.6481192076983427,0.33100180023570813,False,False,1.1053726939936617e-08,True,166.63172250000935
4,0.2,3,0.4,0.21278529855429382,0.08511411942171754,0.19999999999999996,0.023249156304537152,0.023249156304537152,0.15485799055400218,0.7060017693683168,0.27789742006176454,False,False,1.0216297913619738e-08,True,166.63172250000935
4,0.2,4,0.4,0.2146661775001786,0.08586647100007144,0.19999999999999996,0.02396133770355664,0.02396133770355664,0.11530515366346596,0.7753427998339624,0.2671349769765966,False,False,1.4887643598883966e-08,True,166.63172250000935
4,0.2,5,0.4,0.2179545414804943,0.08718181659219773,0.19999999999999996,0.06697346367493934,0.06697346367493934,0.13307852364430692,0.8011303662677632,0.7691682504398044,False,False,1.819761015788215e-08,True,166.63172250000935
4,0.2,0,0.49,0.19287904671686304,0.09451073289126288,0.020000000000000018,0.09070653707627806,0.09070653707627806,0.5986077855062191,0.026295619613111818,0.9568565647810303,False,True,1.0425576465773952e-08,True,166.63172250000935
4,0.2,1,0.49,0.20168224158403902,0.09882429837617912,0.020000000000000018,0.08244297705731637,0.08244297705731637,0.46971497079812713,0.08385566910381759,0.8386224283562868,False,True,1.4810998434722205e-08,True,166.63172250000935
4,0.2,2,0.49,0.20887304425909825,0.10234779168695814,0.020000000000000018,0.07116551360499716,0.07116551360499716,0.4751893773113639,0.08625410334592767,0.6983340686696768,False,True,1.0824951888616915e-08,True,166.63172250000935
4,0.2,3,0.49,0.21278529855429382,0.10426479629160397,0.020000000000000018,0.07155865887311848,0.07155865887311848,0.4766379465420802,0.10366615848846945,0.6908627806185134,False,True,1.019456412321728e-08,True,166.63172250000935
4,0.2,4,0.49,0.2146661775001786,0.10518642697508751,0.020000000000000018,0.09976068847198027,0.09976068847198027,0.4800617418003101,0.11085637016030073,0.93847875832221,False,True,1.3772116535566187e-08,True,166.63172250000935
4,0.2,5,0.49,0.2179545414804943,0.10679772532544221,0.020000000000000018,0.3368510539368786,0.3368510539368786,0.669334367467134,0.017157588195647368,3.15399143432488,False,True,1.8161379582924466e-08,True,166.63172250000935
4,0.4,0,0.0,0.19287904671686304,0.0,1.0,0.001974729562250357,0.001974729562250357,0.013032009911681396,1.0009029997600776,0.0,False,False,5.035678882738474e-15,True,164.97960089999833
4,0.4,1,0.0,0.20168224158403902,0.0,1.0,0.0027699919159095534,0.0027699919159095534,0.01578189820811472,1.0007515761027375,0.0,False,False,7.671681306319379e-15,True,164.97960089999833
4,0.4,2,0.0,0.20887304425909825,0.0,1.0,0.0020094464884751403,0.0020094464884751403,0.013417561080202181,1.0008604282847917,0.0,False,False,4.7666635410393654e-15,True,164.97960089999833
4,0.4,3,0.0,0.21278529855429382,0.0,1.0,0.001930800159682144,0.001930800159682144,0.012860674554085754,1.0020035700090184,0.0,False,False,4.6307548618191595e-15,True,164.97960089999833
4,0.4,4,0.0,0.2146661775001786,0.0,1.0,0.002409418695856305,0.002409418695856305,0.011594444200170915,0.9917705383916879,0.0,False,False,7.18788846428154e-15,True,164.97960089999833
4,0.4,5,0.0,0.2179545414804943,0.0,1.0,0.003030142966999318,0.003030142966999318,0.006020995934100675,0.9981277040325555,0.0,False,False,8.602099992418688e-15,True,164.97960089999833
4,0.4,0,0.1,0.19287904671686304,0.019287904671686305,0.8,0.004888691582793622,0.004888691582793622,0.03226238082419651,0.9520743687582639,0.24660923322410247,False,False,4.797573742280168e-15,True,164.97960089999833
4,0.4,1,0.1,0.20168224158403902,0.020168224158403903,0.8,0.004241375773935767,0.004241375773935767,0.024165038295658227,0.9582118969538307,0.1995935179309722,False,False,7.615463472306826e-15,True,164.97960089999833
4,0.4,2,0.1,0.20887304425909825,0.020887304425909827,0.8,0.002979784616667603,0.002979784616667603,0.019896743869165755,0.9682476797792612,0.1199778842514704,False,False,4.743237707685099e-15,True,164.97960089999833
4,0.4,3,0.1,0.21278529855429382,0.021278529855429384,0.8,0.0026187624212664915,0.0026187624212664915,0.017443053889078994,0.9735061338290697,0.10533375455987835,False,False,4.599291012307371e-15,True,164.97960089999833
4,0.4,4,0.1,0.2146661775001786,0.02146661775001786,0.8,0.003592661517232668,0.003592661517232668,0.01728836651068296,0.9728287535059442,0.09205005373376499,False,False,7.171755857653368e-15,True,164.97960089999833
4,0.4,5,0.1,0.2179545414804943,0.021795454148049433,0.8,0.0035288460551390283,0.0035288460551390283,0.007011935734207249,0.9917920004117637,0.08909678470151977,False,False,8.597679198879327e-15,True,164.97960089999833
4,0.4,0,0.25,0.19287904671686304,0.04821976167921576,0.5,0.01558247208146676,0.01558247208146676,0.10283480558358503,0.8344889908838479,0.32216684083719754,False,False,4.713013467077198e-15,True,164.97960089999833
4,0.4,1,0.25,0.20168224158403902,0.050420560396009756,0.5,0.012311966931555379,0.012311966931555379,0.07014685051587206,0.8652111415623148,0.25225478770985826,False,False,7.503798233281157e-15,True,164.97960089999833
4,0.4,2,0.25,0.20887304425909825,0.05221826106477456,0.5,0.008310039072298485,0.008310039072298485,0.055488144357625176,0.8923788254170468,0.16038280859914275,False,False,4.693794977641882e-15,True,164.97960089999833
4,0.4,3,0.25,0.21278529855429382,0.053196324638573454,0.5,0.00710237329857019,0.00710237329857019,0.047307491195555273,0.9095563455103846,0.13679818088300594,False,False,4.5828314946922804e-15,True,164.97960089999833
4,0.4,4,0.25,0.2146661775001786,0.05366654437504465,0.5,0.007702058613912422,0.007702058613912422,0.0370633335663214,0.9291902590203789,0.12172306911708505,False,False,7.11700160038074e-15,True,164.97960089999833
4,0.4,5,0.25,0.2179545414804943,0.05448863537012358,0.5,0.007412368663631317,0.007412368663631317,0.014728625702428602,0.9756572555925827,0.12688063280905537,False,False,8.591188358350031e-15,True,164.97960089999833
4,0.4,0,0.4,0.19287904671686304,0.07715161868674522,0.19999999999999996,0.06341352402213048,0.06341352402213048,0.418490556574895,0.34312871314955756,0.8186543471799779,False,False,4.677017578271838e-15,True,164.97960089999833
4,0.4,1,0.4,0.20168224158403902,0.08067289663361561,0.19999999999999996,0.03570708790281882,0.03570708790281882,0.20343944809147646,0.6093327436989351,0.44922106165116094,False,False,7.268933480641047e-15,True,164.97960089999833
4,0.4,2,0.4,0.20887304425909825,0.08354921770363931,0.19999999999999996,0.027372686720336756,0.027372686720336756,0.1827740614670771,0.6481229167677526,0.3309955834248279,False,False,4.56352770688779e-15,True,164.97960089999833
4,0.4,3,0.4,0.21278529855429382,0.08511411942171754,0.19999999999999996,0.02324970721566428,0.02324970721566428,0.15486166006308041,0.7060011401813046,0.27789223254886747,False,False,4.4988716630563195e-15,True,164.97960089999833
4,0.4,4,0.4,0.2146661775001786,0.08586647100007144,0.19999999999999996,0.02396031083109546,0.02396031083109546,0.11530021221618976,0.7753499315670557,0.26713092371851205,False,False,6.96208616719647e-15,True,164.97960089999833
4,0.4,5,0.4,0.2179545414804943,0.08718181659219773,0.19999999999999996,0.06696915435000181,0.06696915435000181,0.13306996087079748,0.8011461995007602,0.7691204177456344,False,False,8.584489190081474e-15,True,164.97960089999833
4,0.4,0,0.49,0.19287904671686304,0.09451073289126288,0.020000000000000018,0.0907050616124637,0.0907050616124637,0.5985980483455361,0.026296701458070382,0.9568513153957184,False,True,4.591990913609233e-15,True,164.97960089999833
4,0.4,1,0.49,0.20168224158403902,0.09882429837617912,0.020000000000000018,0.08244337172719962,0.08244337172719962,0.46971721941116007,0.08385644496499195,0.8386149631366125,False,True,6.888924088623075e-15,True,164.97960089999833
4,0.4,2,0.49,0.20887304425909825,0.10234779168695814,0.020000000000000018,0.07116556838838109,0.07116556838838109,0.47518974311329204,0.08625508983448457,0.6983316960216456,False,True,4.394048602086915e-15,True,164.97960089999833
4,0.4,3,0.49,0.21278529855429382,0.10426479629160397,0.020000000000000018,0.07155968269805282,0.07155968269805282,0.4766447660356538,0.10366499274424462,0.6908626363773293,False,True,4.4060363126544175e-15,True,164.97960089999833
4,0.4,4,0.49,0.2146661775001786,0.10518642697508751,0.020000000000000018,0.09976149217998184,0.09976149217998184,0.4800656093504347,0.11085400547739258,0.9384933249073766,False,True,6.455486375481773e-15,True,164.97960089999833
4,0.4,5,0.49,0.2179545414804943,0.10679772532544221,0.020000000000000018,0.33685290557042274,0.33685290557042274,0.6693380467252291,0.01715697760825735,3.154010219911879,False,True,8.578573291421631e-15,True,164.97960089999833
