seed,particles_per_source,source_count,condition,run_directory,target,target_source_id,method,lambda_fit_frame,parent_source_ids,lambda,lambda_fit_rmse,initial_candidate_rmse,reference_terminal_rmse,cross_frame_rmse,generation_terminal_rmse,direct_relative_distance,generated_relative_distance,direct_point_distance,generated_point_distance,direct_set_rmse,generated_set_rmse,efs_direct_ratio,nearest_parent_relative_distance,nearest_parent_point_distance,nearest_parent_rmse,efs_parent_ratio,direct_aligned_rmse,generated_aligned_rmse,direct_relation_rmse,generated_relation_rmse,terminal_gap,max_replay_residual,generated_nearest_memory_rmse,memory_distance_ratio
45,1,512,seed45_p01,E:\Desktop\AnewOmni\4.5hypothesis\experiments\10_lambda_frame_particle_sweep\results\002_20260720T200720_834951Z_seed45-46-47\conditions\seed45_p01\runs\001_20260720T200722_069471Z_seed45,0,257,shared_d1,d1,441;232;438;110,0.594924288;0.405075712;0.000000000;0.000000000,1.096582770e-01,1.096582770e-01,2.212616755e-01,2.212616755e-01,1.852819547e-01,1.116439863e-01,1.880348794e-01,2.113564524e-01,3.559742567e-01,1.096582770e-01,1.821446161e-01,1.684236524e+00,1.876108689e-01,3.551715503e-01,1.817485632e-01,1.002260053e+00,1.096582770e-01,1.821446161e-01,0.000000000e+00,0.000000000e+00,1.852819547e-01,1.647387793e-05,6.973128022e-04,3.836689489e-03
45,1,512,seed45_p01,E:\Desktop\AnewOmni\4.5hypothesis\experiments\10_lambda_frame_particle_sweep\results\002_20260720T200720_834951Z_seed45-46-47\conditions\seed45_p01\runs\001_20260720T200722_069471Z_seed45,0,257,shared_du,du,441;232;438;110,0.490227242;0.122814853;0.386957905;0.000000000,1.083737817e-01,1.452156862e-01,1.083737817e-01,1.452156862e-01,8.233879499e-02,1.455506646e-01,2.772772915e-01,2.755461635e-01,5.249216425e-01,1.452156862e-01,2.772845116e-01,1.905022504e+00,1.876108689e-01,3.551715503e-01,1.817485632e-01,1.477938315e+00,1.452156862e-01,2.772845116e-01,0.000000000e+00,0.000000000e+00,8.233879499e-02,1.788347565e-05,2.766294658e-03,1.522044856e-02
45,1,512,seed45_p01,E:\Desktop\AnewOmni\4.5hypothesis\experiments\10_lambda_frame_particle_sweep\results\002_20260720T200720_834951Z_seed45-46-47\conditions\seed45_p01\runs\001_20260720T200722_069471Z_seed45,0,257,per_particle_d1,d1,441;232;438;110,0.594924288;0.405075712;0.000000000;0.000000000,1.096582770e-01,1.096582770e-01,2.212616755e-01,2.212616755e-01,1.852819547e-01,1.116439863e-01,1.880348794e-01,2.113564524e-01,3.559742567e-01,1.096582770e-01,1.821446161e-01,1.684236524e+00,1.876108689e-01,3.551715503e-01,1.817485632e-01,1.002260053e+00,1.096582770e-01,1.821446161e-01,0.000000000e+00,0.000000000e+00,1.852819547e-01,1.647387793e-05,6.973128022e-04,3.836689489e-03
45,1,512,seed45_p01,E:\Desktop\AnewOmni\4.5hypothesis\experiments\10_lambda_frame_particle_sweep\results\002_20260720T200720_834951Z_seed45-46-47\conditions\seed45_p01\runs\001_20260720T200722_069471Z_seed45,0,257,per_particle_du,du,441;232;438;110,0.490227242;0.122814853;0.386957905;0.000000000,1.083737817e-01,1.452156862e-01,1.083737817e-01,1.452156862e-01,8.233879499e-02,1.455506646e-01,2.772772915e-01,2.755461635e-01,5.249216425e-01,1.452156862e-01,2.772845116e-01,1.905022504e+00,1.876108689e-01,3.551715503e-01,1.817485632e-01,1.477938315e+00,1.452156862e-01,2.772845116e-01,0.000000000e+00,0.000000000e+00,8.233879499e-02,1.788347565e-05,2.766294658e-03,1.522044856e-02
45,2,512,seed45_p02,E:\Desktop\AnewOmni\4.5hypothesis\experiments\10_lambda_frame_particle_sweep\results\002_20260720T200720_834951Z_seed45-46-47\conditions\seed45_p02\runs\001_20260720T200721_824521Z_seed45,0,257,shared_d1,d1,278;404;323;42,0.000000000;0.520390270;0.000000000;0.479609730,5.028268685e-01,5.028268685e-01,6.867320481e-01,6.867320481e-01,6.833939468e-01,5.162487009e-01,7.420954646e-01,nan,nan,5.028268685e-01,7.258938139e-01,1.437476672e+00,7.690383187e-01,nan,7.534886143e-01,9.649655246e-01,5.028268685e-01,7.258938139e-01,6.441475802e-01,1.301441172e+00,6.833939468e-01,8.244375181e-06,2.594338358e-01,3.443102270e-01
45,2,512,seed45_p02,E:\Desktop\AnewOmni\4.5hypothesis\experiments\10_lambda_frame_particle_sweep\results\002_20260720T200720_834951Z_seed45-46-47\conditions\seed45_p02\runs\001_20260720T200721_824521Z_seed45,0,257,shared_du,du,278;404;323;42,0.000000000;0.848786635;0.151213365;0.000000000,4.053556617e-01,7.294693866e-01,4.053556617e-01,7.294693866e-01,3.965886990e-01,7.442315304e-01,8.289193102e-01,nan,nan,7.294693866e-01,8.120883849e-01,1.113792249e+00,7.690383187e-01,nan,7.534886143e-01,1.077864770e+00,7.294693866e-01,8.120883849e-01,8.348012422e-01,6.439389733e-01,3.965886990e-01,7.357818193e-06,1.005224789e-03,1.334094198e-03
45,2,512,seed45_p02,E:\Desktop\AnewOmni\4.5hypothesis\experiments\10_lambda_frame_particle_sweep\results\002_20260720T200720_834951Z_seed45-46-47\conditions\seed45_p02\runs\001_20260720T200721_824521Z_seed45,0,257,per_particle_d1,d1,278;404;323;42,0.000000000;0.720934075;0.279065925;0.000000000|0.064325697;0.000000000;0.216344299;0.719330004,2.607071518e-01,2.607071518e-01,4.157562278e-01,4.157562278e-01,3.903506909e-01,2.703318599e-01,2.484276595e-01,nan,nan,2.607071518e-01,2.412730122e-01,9.189729231e-01,7.690383187e-01,nan,7.534886143e-01,3.230367765e-01,2.607071518e-01,2.412730122e-01,1.796381703e-01,1.450159453e-01,3.903506909e-01,9.807639863e-06,7.389402686e-01,9.806920166e-01
45,2,512,seed45_p02,E:\Desktop\AnewOmni\4.5hypothesis\experiments\10_lambda_frame_particle_sweep\results\002_20260720T200720_834951Z_seed45-46-47\conditions\seed45_p02\runs\001_20260720T200721_824521Z_seed45,0,257,per_particle_du,du,278;404;323;42,0.000000000;0.946580950;0.053419050;0.000000000|0.000000000;0.307677129;0.303953730;0.388369141,2.889623010e-01,4.325811467e-01,2.889623010e-01,4.325811467e-01,2.804763570e-01,4.445427300e-01,7.489796437e-01,nan,nan,4.325811467e-01,7.322179273e-01,1.684831610e+00,7.690383187e-01,nan,7.534886143e-01,9.739171969e-01,4.325811467e-01,7.322179273e-01,1.295309561e-01,6.892641553e-01,2.804763570e-01,7.403009101e-06,1.806277246e-01,2.397219031e-01
45,3,512,seed45_p03,E:\Desktop\AnewOmni\4.5hypothesis\experiments\10_lambda_frame_particle_sweep\results\002_20260720T200720_834951Z_seed45-46-47\conditions\seed45_p03\runs\001_20260720T200721_682337Z_seed45,0,257,shared_d1,d1,417;183;480;149,0.159303130;0.000000000;0.392830159;0.447866711,2.066106330e-01,2.066106330e-01,6.492731830e-01,6.492731830e-01,6.475515084e-01,2.565960376e-01,3.665441624e-01,nan,nan,2.066106330e-01,2.963117843e-01,1.428487228e+00,4.078960538e-01,nan,3.306561164e-01,8.986214969e-01,2.066106330e-01,2.963117843e-01,3.532622250e-01,5.759966821e-01,6.475515084e-01,6.058324505e-06,1.954752367e-01,5.911738116e-01
45,3,512,seed45_p03,E:\Desktop\AnewOmni\4.5hypothesis\experiments\10_lambda_frame_particle_sweep\results\002_20260720T200720_834951Z_seed45-46-47\conditions\seed45_p03\runs\001_20260720T200721_682337Z_seed45,0,257,shared_du,du,417;183;480;149,0.450443232;0.000000000;0.045092824;0.504463944,5.094866723e-01,2.420315110e-01,5.094866723e-01,2.420315110e-01,5.070561318e-01,2.997167848e-01,3.832441063e-01,nan,nan,2.420315110e-01,3.094515794e-01,1.278687500e+00,4.078960538e-01,nan,3.306561164e-01,9.395631628e-01,2.420315110e-01,3.094515794e-01,3.200517034e-01,3.412859562e-01,5.070561318e-01,6.071548015e-06,2.626975578e-01,7.944736080e-01
45,3,512,seed45_p03,E:\Desktop\AnewOmni\4.5hypothesis\experiments\10_lambda_frame_particle_sweep\results\002_20260720T200720_834951Z_seed45-46-47\conditions\seed45_p03\runs\001_20260720T200721_682337Z_seed45,0,257,per_particle_d1,d1,417;183;480;149,0.639559864;0.000000000;0.000000000;0.360440136|0.739861198;0.000000000;0.000000000;0.260138802|0.000000000;0.160759571;0.839240429;0.000000000,1.298954171e-01,1.298954171e-01,6.308444417e-01,6.308444417e-01,6.355570513e-01,1.616649219e-01,3.639299110e-01,nan,nan,1.298954171e-01,2.920806097e-01,2.251137147e+00,4.078960538e-01,nan,3.306561164e-01,8.922123850e-01,1.298954171e-01,2.920806097e-01,2.395007906e-01,4.286874470e-01,6.355570513e-01,1.087561081e-05,3.378074743e-01,1.021627780e+00
45,3,512,seed45_p03,E:\Desktop\AnewOmni\4.5hypothesis\experiments\10_lambda_frame_particle_sweep\results\002_20260720T200720_834951Z_seed45-46-47\conditions\seed45_p03\runs\001_20260720T200721_682337Z_seed45,0,257,per_particle_du,du,417;183;480;149,0.638481900;0.000000000;0.000000000;0.361518100|0.631047612;0.000000000;0.000000000;0.368952388|0.207185548;0.000000000;0.102647611;0.690166841,4.717436584e-01,1.946262017e-01,4.717436584e-01,1.946262017e-01,4.676658794e-01,2.409467410e-01,4.003042910e-01,nan,nan,1.946262017e-01,3.216466888e-01,1.661380807e+00,4.078960538e-01,nan,3.306561164e-01,9.813879967e-01,1.946262017e-01,3.216466888e-01,3.306470939e-01,4.288157443e-01,4.676658794e-01,1.087561081e-05,3.025445676e-01,9.149825228e-01
45,4,512,seed45_p04,E:\Desktop\AnewOmni\4.5hypothesis\experiments\10_lambda_frame_particle_sweep\results\002_20260720T200720_834951Z_seed45-46-47\conditions\seed45_p04\runs\001_20260720T200721_572935Z_seed45,0,257,shared_d1,d1,496;390;511;341,0.397441755;0.310335190;0.292223055;0.000000000,4.008089458e-01,4.008089458e-01,6.016793975e-01,6.016793975e-01,5.997826366e-01,4.214725316e-01,5.269485455e-01,nan,nan,4.008089458e-01,5.003988274e-01,1.250255962e+00,5.464800050e-01,nan,5.206970189e-01,9.642595168e-01,4.008089458e-01,5.003988274e-01,5.031897072e-01,7.225058310e-01,5.997826366e-01,9.510173934e-06,3.151055641e-01,6.051610682e-01
45,4,512,seed45_p04,E:\Desktop\AnewOmni\4.5hypothesis\experiments\10_lambda_frame_particle_sweep\results\002_20260720T200720_834951Z_seed45-46-47\conditions\seed45_p04\runs\001_20260720T200721_572935Z_seed45,0,257,shared_du,du,496;390;511;341,0.317631854;0.323123864;0.172380040;0.186864241,5.788659404e-01,4.212802551e-01,5.788659404e-01,4.212802551e-01,5.765057428e-01,4.430439524e-01,4.434085716e-01,nan,nan,4.212802551e-01,4.217067307e-01,1.000822986e+00,5.464800050e-01,nan,5.206970189e-01,8.113902935e-01,4.212802551e-01,4.217067307e-01,6.804963615e-01,6.044691943e-01,5.765057428e-01,9.510173934e-06,2.839348181e-01,5.452975681e-01
45,4,512,seed45_p04,E:\Desktop\AnewOmni\4.5hypothesis\experiments\10_lambda_frame_particle_sweep\results\002_20260720T200720_834951Z_seed45-46-47\conditions\seed45_p04\runs\001_20260720T200721_572935Z_seed45,0,257,per_particle_d1,d1,496;390;511;341,0.000000000;0.369518865;0.630481135;0.000000000|0.000000000;0.000000000;0.972916548;0.027083452|0.030029997;0.350545742;0.047709533;0.571714729|0.368408249;0.140910725;0.000000000;0.490681026,3.399376791e-01,3.399376791e-01,5.107397939e-01,5.107397939e-01,5.061724912e-01,3.574263323e-01,4.699154252e-01,nan,nan,3.399376791e-01,4.453448457e-01,1.314719657e+00,5.464800050e-01,nan,5.206970189e-01,8.598950024e-01,3.399376791e-01,4.453448457e-01,5.681527805e-01,8.011913121e-01,5.061724912e-01,1.430333005e-05,3.448945548e-01,6.623709035e-01
45,4,512,seed45_p04,E:\Desktop\AnewOmni\4.5hypothesis\experiments\10_lambda_frame_particle_sweep\results\002_20260720T200720_834951Z_seed45-46-47\conditions\seed45_p04\runs\001_20260720T200721_572935Z_seed45,0,257,per_particle_du,du,496;390;511;341,0.365411481;0.301593956;0.332994563;0.000000000|0.083399332;0.498745768;0.417854900;0.000000000|0.000000000;0.417158543;0.142440565;0.440400892|0.398688870;0.000000000;0.000000000;0.601311130,4.574714895e-01,3.714798341e-01,4.574714895e-01,3.714798341e-01,4.543147596e-01,3.919122421e-01,4.939227345e-01,nan,nan,3.714798341e-01,4.685246228e-01,1.260289120e+00,5.464800050e-01,nan,5.206970189e-01,9.038258126e-01,3.714798341e-01,4.685246228e-01,6.799872450e-01,7.364362951e-01,4.543147596e-01,1.028645141e-05,3.163678734e-01,6.075853365e-01
45,5,512,seed45_p05,E:\Desktop\AnewOmni\4.5hypothesis\experiments\10_lambda_frame_particle_sweep\results\002_20260720T200720_834951Z_seed45-46-47\conditions\seed45_p05\runs\001_20260720T200722_305074Z_seed45,0,257,shared_d1,d1,21;275;264;279,0.328313855;0.432175801;0.239510344;0.000000000,2.597505472e-01,2.597505472e-01,5.129493639e-01,5.129493639e-01,5.135941724e-01,6.114113380e-01,5.622766657e-01,nan,nan,2.597505472e-01,2.390153738e-01,9.196372896e-01,9.369362511e-01,nan,4.006276719e-01,6.001226498e-01,2.597505472e-01,2.419609893e-01,2.328163561e-01,2.360669429e-01,5.135941724e-01,1.027286410e-05,3.107920849e-01,7.757629007e-01
45,5,512,seed45_p05,E:\Desktop\AnewOmni\4.5hypothesis\experiments\10_lambda_frame_particle_sweep\results\002_20260720T200720_834951Z_seed45-46-47\conditions\seed45_p05\runs\001_20260720T200722_305074Z_seed45,0,257,shared_du,du,21;275;264;279,0.123527519;0.239828735;0.561618120;0.075025626,4.289243916e-01,3.146946656e-01,4.289243916e-01,3.146946656e-01,4.275646041e-01,7.364747846e-01,7.423769819e-01,nan,nan,3.146946656e-01,3.167444817e-01,1.008014120e+00,9.369362511e-01,nan,4.006276719e-01,7.923452434e-01,3.146946656e-01,3.309319891e-01,2.984584867e-01,2.445843259e-01,4.275646041e-01,1.642676104e-05,2.694652416e-01,6.726076618e-01
45,5,512,seed45_p05,E:\Desktop\AnewOmni\4.5hypothesis\experiments\10_lambda_frame_particle_sweep\results\002_20260720T200720_834951Z_seed45-46-47\conditions\seed45_p05\runs\001_20260720T200722_305074Z_seed45,0,257,per_particle_d1,d1,21;275;264;279,0.020864621;0.000000000;0.979135379;0.000000000|0.000000000;0.065009982;0.934990018;0.000000000|0.420010154;0.579989846;0.000000000;0.000000000|0.263977002;0.707354423;0.028668575;0.000000000|0.510046080;0.229787926;0.260165993;0.000000000,1.698031455e-01,1.698031455e-01,4.081857487e-01,4.081857487e-01,4.048001903e-01,3.978589401e-01,4.039452212e-01,nan,nan,1.698031455e-01,1.729447775e-01,1.015297586e+00,9.369362511e-01,nan,4.006276719e-01,4.311341575e-01,1.698031455e-01,1.834982429e-01,1.390358348e-01,1.248418830e-01,4.048001903e-01,1.050747669e-05,3.749420128e-01,9.358864579e-01
45,5,512,seed45_p05,E:\Desktop\AnewOmni\4.5hypothesis\experiments\10_lambda_frame_particle_sweep\results\002_20260720T200720_834951Z_seed45-46-47\conditions\seed45_p05\runs\001_20260720T200722_305074Z_seed45,0,257,per_particle_du,du,21;275;264;279,0.160571705;0.000000000;0.839428295;0.000000000|0.000000000;0.217371155;0.782628845;0.000000000|0.000000000;0.185872025;0.579729960;0.234398015|0.000000000;0.598307914;0.188901754;0.212790332|0.512308852;0.342749743;0.144941405;0.000000000,3.196920591e-01,2.516672154e-01,3.196920591e-01,2.516672154e-01,3.175655554e-01,5.890196935e-01,4.462638835e-01,nan,nan,2.516672154e-01,1.905695957e-01,7.576383072e-01,9.369362511e-01,nan,4.006276719e-01,4.763012243e-01,2.516672154e-01,1.905695957e-01,2.838301172e-01,1.577562153e-01,3.175655554e-01,1.131234789e-05,3.001998754e-01,7.493238648e-01
45,6,512,seed45_p06,E:\Desktop\AnewOmni\4.5hypothesis\experiments\10_lambda_frame_particle_sweep\results\002_20260720T200720_834951Z_seed45-46-47\conditions\seed45_p06\runs\001_20260720T200722_536756Z_seed45,0,257,shared_d1,d1,388;394;487;214,0.384428114;0.032543609;0.384863036;0.198165241,3.632460508e-01,3.632460508e-01,5.520646032e-01,5.520646032e-01,5.472754550e-01,5.559921674e-01,6.917621516e-01,nan,nan,3.632460508e-01,4.534414653e-01,1.244194059e+00,8.453896215e-01,nan,5.512786502e-01,8.182761344e-01,3.632460508e-01,4.534414653e-01,2.646405787e-01,4.887275329e-01,5.472754550e-01,9.170470390e-06,3.610243563e-01,6.548854308e-01
45,6,512,seed45_p06,E:\Desktop\AnewOmni\4.5hypothesis\experiments\10_lambda_frame_particle_sweep\results\002_20260720T200720_834951Z_seed45-46-47\conditions\seed45_p06\runs\001_20260720T200722_536756Z_seed45,0,257,shared_du,du,388;394;487;214,0.186869722;0.000000000;0.528726788;0.284403490,5.167735666e-01,3.917179199e-01,5.167735666e-01,3.917179199e-01,5.135711453e-01,6.009450143e-01,4.909440930e-01,nan,nan,3.917179199e-01,3.202674717e-01,8.169534337e-01,8.453896215e-01,nan,5.512786502e-01,5.807311569e-01,3.917179199e-01,3.202674717e-01,2.092492461e-01,2.413760433e-01,5.135711453e-01,9.339105354e-06,3.921712101e-01,7.113847234e-01
45,6,512,seed45_p06,E:\Desktop\AnewOmni\4.5hypothesis\experiments\10_lambda_frame_particle_sweep\results\002_20260720T200720_834951Z_seed45-46-47\conditions\seed45_p06\runs\001_20260720T200722_536756Z_seed45,0,257,per_particle_d1,d1,388;394;487;214,0.372763053;0.000000000;0.627236947;0.000000000|0.000000000;0.836855724;0.025926182;0.137218094|0.751433910;0.000000000;0.000000000;0.248566090|0.000000000;0.000000000;0.721932050;0.278067950|0.000000000;0.856083443;0.143916557;0.000000000|0.568317815;0.069087578;0.000000000;0.362594607,2.018413059e-01,2.018413059e-01,5.246466132e-01,5.246466132e-01,5.199778953e-01,3.085477616e-01,3.638090092e-01,nan,nan,2.018413059e-01,2.372933134e-01,1.179101113e+00,8.453896215e-01,nan,5.512786502e-01,4.303447782e-01,2.018413059e-01,2.372933134e-01,1.644873959e-01,2.069809907e-01,5.199778953e-01,8.289107556e-06,4.993661752e-01,9.058326039e-01
45,6,512,seed45_p06,E:\Desktop\AnewOmni\4.5hypothesis\experiments\10_lambda_frame_particle_sweep\results\002_20260720T200720_834951Z_seed45-46-47\conditions\seed45_p06\runs\001_20260720T200722_536756Z_seed45,0,257,per_particle_du,du,388;394;487;214,0.463696934;0.000000000;0.503484860;0.032818206|0.187913832;0.000000000;0.812086168;0.000000000|0.482392111;0.000000000;0.106433591;0.411174298|0.000000000;0.000000000;0.587377937;0.412622063|0.000000000;0.452177614;0.000000000;0.547822386|0.044225669;0.218898094;0.000000000;0.736876237,3.959939808e-01,2.773804377e-01,3.959939808e-01,2.773804377e-01,3.929762717e-01,4.233799946e-01,4.212575018e-01,nan,nan,2.773804377e-01,2.765704263e-01,9.949867900e-01,8.453896215e-01,nan,5.512786502e-01,4.982998266e-01,2.773804377e-01,2.765704263e-01,2.109879750e-01,2.910856327e-01,3.929762717e-01,9.339105354e-06,5.124317638e-01,9.295331201e-01
45,7,512,seed45_p07,E:\Desktop\AnewOmni\4.5hypothesis\experiments\10_lambda_frame_particle_sweep\results\002_20260720T200720_834951Z_seed45-46-47\conditions\seed45_p07\runs\001_20260720T200723_278992Z_seed45,0,257,shared_d1,d1,385;229;391;243,0.375312759;0.319244589;0.305442652;0.000000000,3.405896518e-01,3.405896518e-01,5.179958232e-01,5.179958232e-01,5.174513923e-01,4.371183181e-01,5.093088825e-01,nan,nan,3.405896518e-01,3.945483460e-01,1.165151085e+00,6.080242073e-01,nan,4.721049444e-01,8.376457325e-01,3.405896518e-01,3.945483460e-01,3.412876964e-01,3.642600365e-01,5.174513923e-01,1.059365564e-05,3.241413623e-01,6.865875185e-01
45,7,512,seed45_p07,E:\Desktop\AnewOmni\4.5hypothesis\experiments\10_lambda_frame_particle_sweep\results\002_20260720T200720_834951Z_seed45-46-47\conditions\seed45_p07\runs\001_20260720T200723_278992Z_seed45,0,257,shared_du,du,385;229;391;243,0.403340019;0.378988858;0.135251397;0.082419727,5.001965892e-01,3.533073429e-01,5.001965892e-01,3.533073429e-01,4.998027835e-01,4.543064084e-01,4.906369166e-01,nan,nan,3.533073429e-01,3.796576917e-01,1.079969174e+00,6.080242073e-01,nan,4.721049444e-01,8.069364849e-01,3.533073429e-01,3.796576917e-01,3.648368102e-01,3.588827851e-01,4.998027835e-01,8.791386133e-06,2.751903434e-01,5.829007866e-01
45,7,512,seed45_p07,E:\Desktop\AnewOmni\4.5hypothesis\experiments\10_lambda_frame_particle_sweep\results\002_20260720T200720_834951Z_seed45-46-47\conditions\seed45_p07\runs\001_20260720T200723_278992Z_seed45,0,257,per_particle_d1,d1,385;229;391;243,0.825016664;0.000000000;0.174983336;0.000000000|0.410772866;0.447610742;0.141616393;0.000000000|0.000000000;0.121487686;0.801672649;0.076839665|0.622620715;0.000000000;0.000000000;0.377379285|0.354595241;0.311544327;0.333860432;0.000000000|0.000000000;0.836163407;0.000000000;0.163836593|1.000000000;0.000000000;0.000000000;0.000000000,2.783250872e-01,2.783250872e-01,4.735712300e-01,4.735712300e-01,4.701324913e-01,3.566420408e-01,3.706145041e-01,nan,nan,2.783250872e-01,2.889971541e-01,1.039177836e+00,6.080242073e-01,nan,4.721049444e-01,6.095390605e-01,2.783250872e-01,2.889971541e-01,4.190789469e-01,4.702231371e-01,4.701324913e-01,7.980726595e-06,3.717229670e-01,7.873735943e-01
45,7,512,seed45_p07,E:\Desktop\AnewOmni\4.5hypothesis\experiments\10_lambda_frame_particle_sweep\results\002_20260720T200720_834951Z_seed45-46-47\conditions\seed45_p07\runs\001_20260720T200723_278992Z_seed45,0,257,per_particle_du,du,385;229;391;243,0.607257228;0.312073144;0.080669628;0.000000000|0.535592672;0.464407328;0.000000000;0.000000000|0.000000000;0.247118810;0.361064095;0.391817094|0.660073949;0.000000000;0.018599552;0.321326499|0.428712395;0.571287605;0.000000000;0.000000000|0.000000000;0.000000000;0.119116953;0.880883047|0.804141663;0.195858337;0.000000000;0.000000000,4.118213325e-01,3.160179099e-01,4.118213325e-01,3.160179099e-01,4.098677252e-01,4.054275785e-01,4.784219767e-01,nan,nan,3.160179099e-01,3.714059302e-01,1.180043002e+00,6.080242073e-01,nan,4.721049444e-01,7.868469232e-01,3.160179099e-01,3.714059302e-01,3.557625382e-01,4.934460780e-01,4.098677252e-01,1.025874125e-05,2.761734423e-01,5.849831601e-01
45,8,512,seed45_p08,E:\Desktop\AnewOmni\4.5hypothesis\experiments\10_lambda_frame_particle_sweep\results\002_20260720T200720_834951Z_seed45-46-47\conditions\seed45_p08\runs\001_20260720T200722_875335Z_seed45,0,257,shared_d1,d1,389;456;103;5,0.397744562;0.367255204;0.121150676;0.113849558,3.470175361e-01,3.470175361e-01,6.687633802e-01,6.687633802e-01,6.695911154e-01,4.115917391e-01,4.824453129e-01,nan,nan,3.470175361e-01,4.063813731e-01,1.172145277e+00,5.661617840e-01,nan,4.773927840e-01,8.521333065e-01,3.470175361e-01,4.063813731e-01,4.645323084e-01,4.473877452e-01,6.695911154e-01,1.171816051e-05,4.101853061e-01,8.592197450e-01
45,8,512,seed45_p08,E:\Desktop\AnewOmni\4.5hypothesis\experiments\10_lambda_frame_particle_sweep\results\002_20260720T200720_834951Z_seed45-46-47\conditions\seed45_p08\runs\001_20260720T200722_875335Z_seed45,0,257,shared_du,du,389;456;103;5,0.261796792;0.635144419;0.081399363;0.021659426,6.247953988e-01,3.896890826e-01,6.247953988e-01,3.896890826e-01,6.260621758e-01,4.610887476e-01,5.502540192e-01,nan,nan,3.896890826e-01,4.642731449e-01,1.193379847e+00,5.661617840e-01,nan,4.773927840e-01,9.719024398e-01,3.896890826e-01,4.642731449e-01,4.678947746e-01,4.494012458e-01,6.260621758e-01,1.208091193e-05,3.323451925e-01,6.961671890e-01
45,8,512,seed45_p08,E:\Desktop\AnewOmni\4.5hypothesis\experiments\10_lambda_frame_particle_sweep\results\002_20260720T200720_834951Z_seed45-46-47\conditions\seed45_p08\runs\001_20260720T200722_875335Z_seed45,0,257,per_particle_d1,d1,389;456;103;5,0.000000000;0.856464206;0.000000000;0.143535794|0.597735438;0.144513395;0.097967344;0.159783823|0.606997903;0.393002097;0.000000000;0.000000000|0.223540518;0.527341603;0.249117879;0.000000000|0.000000000;0.043991425;0.956008575;0.000000000|0.000000000;0.584964086;0.415035914;0.000000000|0.500285703;0.085758840;0.000000000;0.413955457|0.302473044;0.558912528;0.037713885;0.100900543,2.569945321e-01,2.569945321e-01,6.242403237e-01,6.242403237e-01,6.257851658e-01,3.029583733e-01,3.842857674e-01,nan,nan,2.569945321e-01,3.239681296e-01,1.268444121e+00,5.661617840e-01,nan,4.773927840e-01,6.787561052e-01,2.569945321e-01,3.239681296e-01,3.065070417e-01,3.211515038e-01,6.257851658e-01,1.086537686e-05,4.095555113e-01,8.579005068e-01
45,8,512,seed45_p08,E:\Desktop\AnewOmni\4.5hypothesis\experiments\10_lambda_frame_particle_sweep\results\002_20260720T200720_834951Z_seed45-46-47\conditions\seed45_p08\runs\001_20260720T200722_875335Z_seed45,0,257,per_particle_du,du,389;456;103;5,0.212082269;0.207786031;0.000000000;0.580131700|0.000000000;0.712816678;0.287183322;0.000000000|0.760307387;0.239692613;0.000000000;0.000000000|0.167115277;0.832884723;0.000000000;0.000000000|0.000000000;0.303471323;0.636893667;0.059635010|0.000000000;0.306564104;0.693435896;0.000000000|0.516263031;0.483736969;0.000000000;0.000000000|0.178255358;0.630654196;0.000000000;0.191090446,4.993531407e-01,3.344120766e-01,4.993531407e-01,3.344120766e-01,5.001422817e-01,3.943204062e-01,3.838930568e-01,nan,nan,3.344120766e-01,3.236611484e-01,9.735561508e-01,5.661617840e-01,nan,4.773927840e-01,6.780624686e-01,3.344120766e-01,3.236611484e-01,4.851052483e-01,4.107573292e-01,5.001422817e-01,1.326005138e-05,3.676669257e-01,7.701560183e-01
45,9,512,seed45_p09,E:\Desktop\AnewOmni\4.5hypothesis\experiments\10_lambda_frame_particle_sweep\results\002_20260720T200720_834951Z_seed45-46-47\conditions\seed45_p09\runs\001_20260720T205330_163288Z_seed45,0,257,shared_d1,d1,487;320;264;278,0.287698236;0.271609283;0.235172542;0.205519940,3.915141968e-01,3.915141968e-01,5.528880814e-01,5.528880814e-01,5.521002616e-01,4.106781964e-01,4.426561752e-01,nan,nan,3.915141968e-01,4.213465728e-01,1.077866269e+00,5.701913222e-01,nan,5.397379166e-01,7.763292039e-01,3.915141968e-01,4.213465728e-01,6.892789955e-01,7.366856178e-01,5.521002616e-01,9.895813355e-06,3.109148624e-01,5.760478425e-01
45,9,512,seed45_p09,E:\Desktop\AnewOmni\4.5hypothesis\experiments\10_lambda_frame_particle_sweep\results\002_20260720T200720_834951Z_seed45-46-47\conditions\seed45_p09\runs\001_20260720T205330_163288Z_seed45,0,257,shared_du,du,487;320;264;278,0.186746650;0.282416817;0.303435209;0.227401324,5.439523659e-01,3.959076568e-01,5.439523659e-01,3.959076568e-01,5.430847096e-01,4.151254968e-01,4.154127607e-01,nan,nan,3.959076568e-01,3.958136550e-01,1.000691993e+00,5.701913222e-01,nan,5.397379166e-01,7.285497772e-01,3.959076568e-01,3.958136550e-01,6.877337747e-01,6.832584814e-01,5.430847096e-01,1.329071567e-05,3.702434354e-01,6.859689194e-01
45,9,512,seed45_p09,E:\Desktop\AnewOmni\4.5hypothesis\experiments\10_lambda_frame_particle_sweep\results\002_20260720T200720_834951Z_seed45-46-47\conditions\seed45_p09\runs\001_20260720T205330_163288Z_seed45,0,257,per_particle_d1,d1,487;320;264;278,0.000000000;1.000000000;0.000000000;0.000000000|0.148162510;0.112190145;0.363104180;0.376543166|0.000000000;0.232609700;0.767390300;0.000000000|0.000000000;0.000000000;0.230034989;0.769965011|0.410654715;0.000000000;0.303835764;0.285509522|0.272777605;0.334524984;0.000000000;0.392697411|0.254105590;0.696969897;0.048924513;0.000000000|0.633575970;0.183328759;0.093149733;0.089945537|0.000000000;0.430656857;0.240733761;0.328609382,3.022394165e-01,3.022394165e-01,4.618091981e-01,4.618091981e-01,4.603585352e-01,3.177440421e-01,3.701068153e-01,nan,nan,3.022394165e-01,3.517236815e-01,1.164795452e+00,5.701913222e-01,nan,5.397379166e-01,6.490923325e-01,3.022394165e-01,3.517236815e-01,4.889069692e-01,5.955757293e-01,4.603585352e-01,1.578463785e-05,3.975083014e-01,7.364839290e-01
45,9,512,seed45_p09,E:\Desktop\AnewOmni\4.5hypothesis\experiments\10_lambda_frame_particle_sweep\results\002_20260720T200720_834951Z_seed45-46-47\conditions\seed45_p09\runs\001_20260720T205330_163288Z_seed45,0,257,per_particle_du,du,487;320;264;278,0.000000000;0.763076164;0.236923836;0.000000000|0.135287721;0.424849772;0.000000000;0.439862507|0.000000000;0.346273911;0.653726089;0.000000000|0.000000000;0.000000000;0.265915935;0.734084065|0.302016325;0.000000000;0.697983675;0.000000000|0.487608026;0.399941169;0.000000000;0.112450805|0.601264999;0.257008415;0.141726586;0.000000000|0.305424804;0.219539659;0.475035538;0.000000000|0.000000000;0.965925925;0.000000000;0.034074075,3.719514439e-01,3.514147733e-01,3.719514439e-01,3.514147733e-01,3.711737637e-01,3.698372143e-01,3.879982390e-01,nan,nan,3.514147733e-01,3.690005212e-01,1.049105455e+00,5.701913222e-01,nan,5.397379166e-01,6.804702631e-01,3.514147733e-01,3.690005212e-01,5.287550652e-01,6.362634404e-01,3.711737637e-01,9.060539021e-06,3.441612695e-01,6.376451587e-01
45,10,512,seed45_p10,E:\Desktop\AnewOmni\4.5hypothesis\experiments\10_lambda_frame_particle_sweep\results\002_20260720T200720_834951Z_seed45-46-47\conditions\seed45_p10\runs\001_20260720T205329_776209Z_seed45,0,257,shared_d1,d1,228;381;241;258,0.383290084;0.326235071;0.081300649;0.209174195,4.009951958e-01,4.009951958e-01,6.328341583e-01,6.328341583e-01,6.325525635e-01,4.909111966e-01,5.825589530e-01,nan,nan,4.009951958e-01,4.763998259e-01,1.186689073e+00,6.825381122e-01,nan,5.568837279e-01,8.535185693e-01,4.009951958e-01,4.763998259e-01,3.596920070e-01,4.115718107e-01,6.325525635e-01,2.073272264e-05,3.245080759e-01,5.827214186e-01
45,10,512,seed45_p10,E:\Desktop\AnewOmni\4.5hypothesis\experiments\10_lambda_frame_particle_sweep\results\002_20260720T200720_834951Z_seed45-46-47\conditions\seed45_p10\runs\001_20260720T205329_776209Z_seed45,0,257,shared_du,du,228;381;241;258,0.248525140;0.518783339;0.000000000;0.232691521,5.995821334e-01,4.268081152e-01,5.995821334e-01,4.268081152e-01,5.993437297e-01,5.207442204e-01,5.491669227e-01,nan,nan,4.268081152e-01,4.512294201e-01,1.054580927e+00,6.825381122e-01,nan,5.568837279e-01,8.045952495e-01,4.268081152e-01,4.512294201e-01,3.012774733e-01,2.405515303e-01,5.993437297e-01,9.246944113e-06,3.099380819e-01,5.565579786e-01
45,10,512,seed45_p10,E:\Desktop\AnewOmni\4.5hypothesis\experiments\10_lambda_frame_particle_sweep\results\002_20260720T200720_834951Z_seed45-46-47\conditions\seed45_p10\runs\001_20260720T205329_776209Z_seed45,0,257,per_particle_d1,d1,228;381;241;258,0.399352529;0.181213529;0.000000000;0.419433942|1.000000000;0.000000000;0.000000000;0.000000000|0.519647137;0.480352863;0.000000000;0.000000000|0.000000000;0.000000000;0.000000000;1.000000000|0.528560215;0.471439785;0.000000000;0.000000000|0.219825918;0.000000000;0.414786786;0.365387296|0.692397690;0.000000000;0.000000000;0.307602310|0.511530267;0.000000000;0.000000000;0.488469733|0.000000000;0.711219684;0.000000000;0.288780316|0.000000000;0.000000000;0.000000000;1.000000000,2.771314617e-01,2.771314617e-01,5.354684962e-01,5.354684962e-01,5.353225871e-01,3.381562335e-01,4.633495323e-01,nan,nan,2.771314617e-01,3.795590792e-01,1.370223247e+00,6.825381122e-01,nan,5.568837279e-01,6.788625045e-01,2.771314617e-01,3.795590792e-01,3.151307798e-01,4.435306772e-01,5.353225871e-01,1.133687481e-05,3.886446791e-01,6.978919649e-01
45,10,512,seed45_p10,E:\Desktop\AnewOmni\4.5hypothesis\experiments\10_lambda_frame_particle_sweep\results\002_20260720T200720_834951Z_seed45-46-47\conditions\seed45_p10\runs\001_20260720T205329_776209Z_seed45,0,257,per_particle_du,du,228;381;241;258,0.134054244;0.499026559;0.000000000;0.366919197|0.558138353;0.156152000;0.285709647;0.000000000|0.225387640;0.774612360;0.000000000;0.000000000|0.000000000;0.900863997;0.000000000;0.099136003|0.114680427;0.885319573;0.000000000;0.000000000|0.164794924;0.000000000;0.335492266;0.499712810|0.698207473;0.000000000;0.000000000;0.301792527|0.379637495;0.000000000;0.000000000;0.620362505|0.000000000;0.677499932;0.000000000;0.322500068|0.000000000;0.000000000;0.000000000;1.000000000,4.257546168e-01,3.548258383e-01,4.257546168e-01,3.548258383e-01,4.251606074e-01,4.307423629e-01,4.779078557e-01,nan,nan,3.548258383e-01,3.928251271e-01,1.109498152e+00,6.825381122e-01,nan,5.568837279e-01,7.001921902e-01,3.548258383e-01,3.928251271e-01,2.852388402e-01,3.086942124e-01,4.251606074e-01,1.228501295e-05,4.155871868e-01,7.462728142e-01
46,1,512,seed46_p01,E:\Desktop\AnewOmni\4.5hypothesis\experiments\10_lambda_frame_particle_sweep\results\002_20260720T200720_834951Z_seed45-46-47\conditions\seed46_p01\runs\001_20260720T205329_978893Z_seed46,0,49,shared_d1,d1,65;46;34;424,0.453590563;0.364767773;0.000000000;0.181641664,4.077062092e-02,4.077062092e-02,5.417971398e-01,5.417971398e-01,4.218818807e-01,4.291763105e-02,7.639503526e-02,8.498597710e-02,1.512783105e-01,4.077062092e-02,7.658867621e-02,1.780038492e+00,5.273725646e-02,1.044309101e-01,5.423750628e-02,1.448597071e+00,4.077062092e-02,7.658867621e-02,0.000000000e+00,0.000000000e+00,4.218818807e-01,1.895271367e-05,7.971949431e-04,1.469822265e-02
46,1,512,seed46_p01,E:\Desktop\AnewOmni\4.5hypothesis\experiments\10_lambda_frame_particle_sweep\results\002_20260720T200720_834951Z_seed45-46-47\conditions\seed46_p01\runs\001_20260720T205329_978893Z_seed46,0,49,shared_du,du,65;46;34;424,0.000000000;0.471941549;0.000000000;0.528058451,3.611095184e-01,5.780144792e-02,3.611095184e-01,5.780144792e-02,2.172759585e-01,6.233681892e-02,1.111393387e-01,1.234400720e-01,2.200793721e-01,5.780144792e-02,1.087985266e-01,1.782884347e+00,5.273725646e-02,1.044309101e-01,5.423750628e-02,2.107416012e+00,5.780144792e-02,1.087985266e-01,0.000000000e+00,0.000000000e+00,2.172759585e-01,1.865052996e-05,1.475082430e-03,2.719672292e-02
46,1,512,seed46_p01,E:\Desktop\AnewOmni\4.5hypothesis\experiments\10_lambda_frame_particle_sweep\results\002_20260720T200720_834951Z_seed45-46-47\conditions\seed46_p01\runs\001_20260720T205329_978893Z_seed46,0,49,per_particle_d1,d1,65;46;34;424,0.453590563;0.364767773;0.000000000;0.181641664,4.077062092e-02,4.077062092e-02,5.417971398e-01,5.417971398e-01,4.218818807e-01,4.291763105e-02,7.639503526e-02,8.498597710e-02,1.512783105e-01,4.077062092e-02,7.658867621e-02,1.780038492e+00,5.273725646e-02,1.044309101e-01,5.423750628e-02,1.448597071e+00,4.077062092e-02,7.658867621e-02,0.000000000e+00,0.000000000e+00,4.218818807e-01,1.895271367e-05,7.971949431e-04,1.469822265e-02
46,1,512,seed46_p01,E:\Desktop\AnewOmni\4.5hypothesis\experiments\10_lambda_frame_particle_sweep\results\002_20260720T200720_834951Z_seed45-46-47\conditions\seed46_p01\runs\001_20260720T205329_978893Z_seed46,0,49,per_particle_du,du,65;46;34;424,0.000000000;0.471941549;0.000000000;0.528058451,3.611095184e-01,5.780144792e-02,3.611095184e-01,5.780144792e-02,2.172759585e-01,6.233681892e-02,1.111393387e-01,1.234400720e-01,2.200793721e-01,5.780144792e-02,1.087985266e-01,1.782884347e+00,5.273725646e-02,1.044309101e-01,5.423750628e-02,2.107416012e+00,5.780144792e-02,1.087985266e-01,0.000000000e+00,0.000000000e+00,2.172759585e-01,1.865052996e-05,1.475082430e-03,2.719672292e-02
46,2,512,seed46_p02,E:\Desktop\AnewOmni\4.5hypothesis\experiments\10_lambda_frame_particle_sweep\results\002_20260720T200720_834951Z_seed45-46-47\conditions\seed46_p02\runs\001_20260720T205329_854986Z_seed46,0,49,shared_d1,d1,497;417;157;221,0.793441411;0.000000000;0.000000000;0.206558589,4.639525426e-01,4.639525426e-01,6.867791445e-01,6.867791445e-01,6.840559817e-01,7.843633043e-01,7.299401735e-01,nan,nan,4.639525426e-01,4.343510799e-01,9.306148943e-01,8.029891389e-01,nan,4.775136639e-01,9.090287006e-01,4.639525426e-01,4.343510799e-01,3.416393950e-01,2.947643895e-01,6.840559817e-01,9.350890245e-06,1.214852666e-01,2.544121263e-01
46,2,512,seed46_p02,E:\Desktop\AnewOmni\4.5hypothesis\experiments\10_lambda_frame_particle_sweep\results\002_20260720T200720_834951Z_seed45-46-47\conditions\seed46_p02\runs\001_20260720T205329_854986Z_seed46,0,49,shared_du,du,497;417;157;221,0.318984876;0.000000000;0.194587195;0.486427929,5.596275607e-01,5.221585473e-01,5.596275607e-01,5.221585473e-01,5.536502232e-01,9.023671185e-01,9.855764765e-01,nan,nan,5.221585473e-01,5.697481787e-01,1.092212312e+00,8.029891389e-01,nan,4.775136639e-01,1.227384567e+00,5.221585473e-01,5.697481787e-01,6.141801659e-01,4.612824522e-01,5.536502232e-01,1.315103910e-05,9.989471408e-02,2.091976034e-01
46,2,512,seed46_p02,E:\Desktop\AnewOmni\4.5hypothesis\experiments\10_lambda_frame_particle_sweep\results\002_20260720T200720_834951Z_seed45-46-47\conditions\seed46_p02\runs\001_20260720T205329_854986Z_seed46,0,49,per_particle_d1,d1,497;417;157;221,0.981983344;0.018016656;0.000000000;0.000000000|0.000000000;0.000000000;0.000000000;1.000000000,4.035247490e-01,4.035247490e-01,7.058176343e-01,7.058176343e-01,6.935212362e-01,6.768389342e-01,6.788970776e-01,nan,nan,4.035247490e-01,4.049692380e-01,1.003040817e+00,8.029891389e-01,nan,4.775136639e-01,8.454623415e-01,4.035247490e-01,4.049692380e-01,1.513176703e-01,1.343805730e-01,6.935212362e-01,1.458210375e-05,2.389992089e-01,5.005075812e-01
46,2,512,seed46_p02,E:\Desktop\AnewOmni\4.5hypothesis\experiments\10_lambda_frame_particle_sweep\results\002_20260720T200720_834951Z_seed45-46-47\conditions\seed46_p02\runs\001_20260720T205329_854986Z_seed46,0,49,per_particle_du,du,497;417;157;221,0.348325430;0.256923866;0.000000000;0.394750704|0.280816225;0.000000000;0.279307194;0.439876582,5.434304344e-01,5.098054063e-01,5.434304344e-01,5.098054063e-01,5.381149065e-01,8.783502345e-01,1.077921496e+00,nan,nan,5.098054063e-01,6.190620985e-01,1.227211486e+00,8.029891389e-01,nan,4.775136639e-01,1.342386147e+00,5.098054063e-01,6.190620985e-01,7.882574414e-01,7.954998467e-01,5.381149065e-01,8.682133849e-06,1.245782293e-01,2.608893499e-01
46,3,512,seed46_p03,E:\Desktop\AnewOmni\4.5hypothesis\experiments\10_lambda_frame_particle_sweep\results\002_20260720T200720_834951Z_seed45-46-47\conditions\seed46_p03\runs\001_20260720T205330_877030Z_seed46,0,49,shared_d1,d1,117;55;456;322,0.556308416;0.437556731;0.006134853;0.000000000,2.806905207e-01,2.806905207e-01,4.177432211e-01,4.177432211e-01,4.166616708e-01,3.307338295e-01,4.726359204e-01,nan,nan,2.806905207e-01,4.009006569e-01,1.429052242e+00,4.845724417e-01,nan,4.057435712e-01,9.753669003e-01,2.806905207e-01,4.009006569e-01,3.088076407e-01,4.024987652e-01,4.166616708e-01,8.268198514e-06,2.071495445e-01,5.105430109e-01
46,3,512,seed46_p03,E:\Desktop\AnewOmni\4.5hypothesis\experiments\10_lambda_frame_particle_sweep\results\002_20260720T200720_834951Z_seed45-46-47\conditions\seed46_p03\runs\001_20260720T205330_877030Z_seed46,0,49,shared_du,du,117;55;456;322,0.419367703;0.313563276;0.267069021;0.000000000,3.688865272e-01,3.056675733e-01,3.688865272e-01,3.056675733e-01,3.694332303e-01,3.596960147e-01,4.181280666e-01,nan,nan,3.056675733e-01,3.559372752e-01,1.162448427e+00,4.845724417e-01,nan,4.057435712e-01,8.628804088e-01,3.056675733e-01,3.559372752e-01,5.316543232e-01,6.052467576e-01,3.694332303e-01,1.161379300e-05,3.290531514e-01,8.109879607e-01
46,3,512,seed46_p03,E:\Desktop\AnewOmni\4.5hypothesis\experiments\10_lambda_frame_particle_sweep\results\002_20260720T200720_834951Z_seed45-46-47\conditions\seed46_p03\runs\001_20260720T205330_877030Z_seed46,0,49,per_particle_d1,d1,117;55;456;322,0.551869984;0.448130016;0.000000000;0.000000000|0.000000000;0.406695680;0.593304320;0.000000000|0.723577245;0.172629051;0.018940944;0.084852760,2.182331393e-01,2.182331393e-01,4.250719886e-01,4.250719886e-01,4.251535784e-01,2.551076481e-01,3.519172531e-01,nan,nan,2.182331393e-01,2.987981740e-01,1.379485310e+00,4.845724417e-01,nan,4.057435712e-01,7.262428129e-01,2.182331393e-01,2.987981740e-01,2.745850016e-01,6.109756607e-01,4.251535784e-01,1.124145796e-05,3.559760044e-01,8.773423159e-01
46,3,512,seed46_p03,E:\Desktop\AnewOmni\4.5hypothesis\experiments\10_lambda_frame_particle_sweep\results\002_20260720T200720_834951Z_seed45-46-47\conditions\seed46_p03\runs\001_20260720T205330_877030Z_seed46,0,49,per_particle_du,du,117;55;456;322,0.347231364;0.547416066;0.105352570;0.000000000|0.000000000;0.044289988;0.651881570;0.303828442|0.523427990;0.132177925;0.344394084;0.000000000,3.442603566e-01,2.650197436e-01,3.442603566e-01,2.650197436e-01,3.459145451e-01,3.116312615e-01,4.181280666e-01,nan,nan,2.650197436e-01,3.559372752e-01,1.341739800e+00,4.845724417e-01,nan,4.057435712e-01,8.628804088e-01,2.650197436e-01,3.559372752e-01,5.722679066e-01,6.052467576e-01,3.459145451e-01,1.161379300e-05,3.290531514e-01,8.109879607e-01
46,4,512,seed46_p04,E:\Desktop\AnewOmni\4.5hypothesis\experiments\10_lambda_frame_particle_sweep\results\002_20260720T200720_834951Z_seed45-46-47\conditions\seed46_p04\runs\001_20260720T205331_190197Z_seed46,0,49,shared_d1,d1,25;351;117;413,0.312881354;0.290391305;0.396727341;0.000000000,5.741128674e-01,5.741128674e-01,6.269367362e-01,6.269367362e-01,6.244331115e-01,4.519481146e-01,5.775610427e-01,nan,nan,5.741128674e-01,7.323848482e-01,1.277936613e+00,5.826532526e-01,nan,7.361188187e-01,9.912603080e-01,5.741128674e-01,7.323848482e-01,1.476113204e+00,1.936862888e+00,6.244331115e-01,1.109853963e-05,3.078430634e-01,4.181975187e-01
46,4,512,seed46_p04,E:\Desktop\AnewOmni\4.5hypothesis\experiments\10_lambda_frame_particle_sweep\results\002_20260720T200720_834951Z_seed45-46-47\conditions\seed46_p04\runs\001_20260720T205331_190197Z_seed46,0,49,shared_du,du,25;351;117;413,0.369465963;0.314341461;0.316192576;0.000000000,6.223444677e-01,5.783846888e-01,6.223444677e-01,5.783846888e-01,6.199655281e-01,4.560147131e-01,5.745794348e-01,nan,nan,5.783846888e-01,7.283216983e-01,1.260001966e+00,5.826532526e-01,nan,7.361188187e-01,9.861430143e-01,5.783846888e-01,7.283216983e-01,1.565945380e+00,1.993437414e+00,6.199655281e-01,1.137581853e-05,2.936673609e-01,3.989401621e-01
46,4,512,seed46_p04,E:\Desktop\AnewOmni\4.5hypothesis\experiments\10_lambda_frame_particle_sweep\results\002_20260720T200720_834951Z_seed45-46-47\conditions\seed46_p04\runs\001_20260720T205331_190197Z_seed46,0,49,per_particle_d1,d1,25;351;117;413,0.107189962;0.892810038;0.000000000;0.000000000|0.503319589;0.000000000;0.496680411;0.000000000|0.000000000;0.644658368;0.355341632;0.000000000|0.892990703;0.000000000;0.000000000;0.107009297,4.399412015e-01,4.399412015e-01,5.385716759e-01,5.385716759e-01,5.359354328e-01,3.457719801e-01,5.031636412e-01,nan,nan,4.399412015e-01,6.355708617e-01,1.455189171e+00,5.826532526e-01,nan,7.361188187e-01,8.635730410e-01,4.399412015e-01,6.355708617e-01,1.025956271e+00,1.601143539e+00,5.359354328e-01,9.110122169e-06,3.825981467e-01,5.197505307e-01
46,4,512,seed46_p04,E:\Desktop\AnewOmni\4.5hypothesis\experiments\10_lambda_frame_particle_sweep\results\002_20260720T200720_834951Z_seed45-46-47\conditions\seed46_p04\runs\001_20260720T205331_190197Z_seed46,0,49,per_particle_du,du,25;351;117;413,0.000000000;0.916429676;0.000000000;0.083570324|0.412394800;0.000000000;0.000000000;0.587605200|0.000000000;0.216150204;0.783849796;0.000000000|0.000000000;0.000000000;0.368546124;0.631453876,4.040518425e-01,6.684565845e-01,4.040518425e-01,6.684565845e-01,4.016255916e-01,5.224041537e-01,5.734718795e-01,nan,nan,6.684565845e-01,7.347539823e-01,1.097755206e+00,5.826532526e-01,nan,7.361188187e-01,9.842421319e-01,6.684565845e-01,7.347539823e-01,1.783790785e+00,1.903949741e+00,4.016255916e-01,1.501432667e-05,4.395370856e-01,5.971007321e-01
46,5,512,seed46_p05,E:\Desktop\AnewOmni\4.5hypothesis\experiments\10_lambda_frame_particle_sweep\results\002_20260720T200720_834951Z_seed45-46-47\conditions\seed46_p05\runs\001_20260720T205330_389475Z_seed46,0,49,shared_d1,d1,258;141;39;3,0.203939435;0.405373348;0.312936891;0.077750326,3.080436199e-01,3.080436199e-01,6.386913323e-01,6.386913323e-01,6.385306084e-01,4.660832285e-01,5.438217158e-01,nan,nan,3.080436199e-01,3.604879544e-01,1.166790999e+00,6.905832233e-01,nan,4.537241520e-01,7.874817944e-01,3.080436199e-01,3.604879544e-01,1.506031082e-01,3.174831443e-01,6.385306084e-01,1.004742447e-05,3.696698086e-01,8.147457149e-01
46,5,512,seed46_p05,E:\Desktop\AnewOmni\4.5hypothesis\experiments\10_lambda_frame_particle_sweep\results\002_20260720T200720_834951Z_seed45-46-47\conditions\seed46_p05\runs\001_20260720T205330_389475Z_seed46,0,49,shared_du,du,258;141;39;3,0.293665372;0.371711343;0.244236549;0.090386735,6.336970642e-01,3.106511967e-01,6.336970642e-01,3.106511967e-01,6.336051048e-01,4.715666216e-01,5.730827420e-01,nan,nan,3.106511967e-01,3.790014896e-01,1.215274185e+00,6.905832233e-01,nan,4.537241520e-01,8.298532641e-01,3.106511967e-01,3.790014896e-01,1.578741978e-01,2.821174508e-01,6.336051048e-01,1.185512704e-05,3.215266574e-01,7.086390618e-01
46,5,512,seed46_p05,E:\Desktop\AnewOmni\4.5hypothesis\experiments\10_lambda_frame_particle_sweep\results\002_20260720T200720_834951Z_seed45-46-47\conditions\seed46_p05\runs\001_20260720T205330_389475Z_seed46,0,49,per_particle_d1,d1,258;141;39;3,0.000000000;0.428050813;0.000000000;0.571949187|0.343566157;0.472707442;0.000000000;0.183726402|0.062829455;0.417260713;0.216792964;0.303116868|0.357297977;0.000000000;0.433479119;0.209222904|0.000000000;0.173828241;0.430594463;0.395577296,2.317883921e-01,2.317883921e-01,5.012204911e-01,5.012204911e-01,5.024732891e-01,3.543976774e-01,4.505430587e-01,nan,nan,2.317883921e-01,2.981257369e-01,1.271292357e+00,6.905832233e-01,nan,4.537241520e-01,6.524095048e-01,2.317883921e-01,2.981257369e-01,1.855495209e-01,2.329068773e-01,5.024732891e-01,8.987622788e-06,3.645655780e-01,8.034960811e-01
46,5,512,seed46_p05,E:\Desktop\AnewOmni\4.5hypothesis\experiments\10_lambda_frame_particle_sweep\results\002_20260720T200720_834951Z_seed45-46-47\conditions\seed46_p05\runs\001_20260720T205330_389475Z_seed46,0,49,per_particle_du,du,258;141;39;3,0.000000000;0.708395052;0.000000000;0.291604948|0.630205780;0.369794220;0.000000000;0.000000000|0.000000000;0.000000000;0.137684175;0.862315825|0.306638864;0.000000000;0.693361136;0.000000000|0.000000000;0.510171175;0.489828825;0.000000000,3.931119382e-01,3.000642669e-01,3.931119382e-01,3.000642669e-01,3.945877626e-01,3.148193892e-01,3.919456793e-01,nan,nan,2.081020040e-01,2.589359305e-01,1.244985832e+00,6.905832233e-01,nan,4.537241520e-01,5.675574878e-01,3.000642669e-01,3.512608880e-01,1.467093271e-01,2.467879767e-01,3.945877626e-01,1.043842277e-05,3.726818675e-01,8.213842394e-01
46,6,512,seed46_p06,E:\Desktop\AnewOmni\4.5hypothesis\experiments\10_lambda_frame_particle_sweep\results\002_20260720T200720_834951Z_seed45-46-47\conditions\seed46_p06\runs\001_20260720T205330_611824Z_seed46,0,49,shared_d1,d1,434;493;357;17,0.422907997;0.000000000;0.268111419;0.308980584,3.821752338e-01,3.821752338e-01,7.078557862e-01,7.078557862e-01,7.093912298e-01,4.818038878e-01,5.708877561e-01,nan,nan,3.821752338e-01,4.543787061e-01,1.184896533e+00,6.917538145e-01,nan,5.391421104e-01,8.252759062e-01,3.821752338e-01,4.543787061e-01,5.540654507e-01,7.925658786e-01,7.093912298e-01,9.352881031e-06,4.485675844e-01,8.320025013e-01
46,6,512,seed46_p06,E:\Desktop\AnewOmni\4.5hypothesis\experiments\10_lambda_frame_particle_sweep\results\002_20260720T200720_834951Z_seed45-46-47\conditions\seed46_p06\runs\001_20260720T205330_611824Z_seed46,0,49,shared_du,du,434;493;357;17,0.205701942;0.308585385;0.136964423;0.348748250,6.647706721e-01,4.275013850e-01,6.647706721e-01,4.275013850e-01,6.661146465e-01,5.383774332e-01,5.727305184e-01,nan,nan,4.275013850e-01,4.560632159e-01,1.063808553e+00,6.917538145e-01,nan,5.391421104e-01,8.279398051e-01,4.275013850e-01,4.560632159e-01,6.177115669e-01,8.265455414e-01,6.661146465e-01,1.191646401e-05,4.124995351e-01,7.651035362e-01
46,6,512,seed46_p06,E:\Desktop\AnewOmni\4.5hypothesis\experiments\10_lambda_frame_particle_sweep\results\002_20260720T200720_834951Z_seed45-46-47\conditions\seed46_p06\runs\001_20260720T205330_611824Z_seed46,0,49,per_particle_d1,d1,434;493;357;17,0.362221920;0.263269825;0.208545546;0.165962709|0.952357806;0.000000000;0.000000000;0.047642194|0.000000000;0.071363519;0.928636481;0.000000000|0.048883258;0.000000000;0.000000000;0.951116742|0.000000000;0.000000000;0.234947765;0.765052235|0.335590735;0.000000000;0.000000000;0.664409265,2.676632636e-01,2.676632636e-01,6.041502643e-01,6.041502643e-01,6.021485957e-01,3.337927022e-01,3.762576978e-01,nan,nan,2.676632636e-01,3.046996505e-01,1.127219665e+00,6.917538145e-01,nan,5.391421104e-01,5.439185008e-01,2.676632636e-01,3.046996505e-01,3.269406882e-01,4.649178531e-01,6.021485957e-01,1.166509570e-05,5.020973967e-01,9.312895191e-01
46,6,512,seed46_p06,E:\Desktop\AnewOmni\4.5hypothesis\experiments\10_lambda_frame_particle_sweep\results\002_20260720T200720_834951Z_seed45-46-47\conditions\seed46_p06\runs\001_20260720T205330_611824Z_seed46,0,49,per_particle_du,du,434;493;357;17,0.000000000;0.462713847;0.357804282;0.179481871|0.622456706;0.000000000;0.000000000;0.377543294|0.000000000;0.084455286;0.915544714;0.000000000|0.412681808;0.000000000;0.294539173;0.292779019|0.608262012;0.000000000;0.053886098;0.337851890|0.000000000;0.103181005;0.000000000;0.896818995,4.995936478e-01,3.665480669e-01,4.995936478e-01,3.665480669e-01,5.034015939e-01,4.590686618e-01,5.631735901e-01,nan,nan,3.665480669e-01,4.490592794e-01,1.226774200e+00,6.917538145e-01,nan,5.391421104e-01,8.141243001e-01,3.665480669e-01,4.510371190e-01,5.926989297e-01,7.988695665e-01,5.034015939e-01,1.326824220e-05,4.923026572e-01,9.131222506e-01
46,7,512,seed46_p07,E:\Desktop\AnewOmni\4.5hypothesis\experiments\10_lambda_frame_particle_sweep\results\002_20260720T200720_834951Z_seed45-46-47\conditions\seed46_p07\runs\001_20260720T222733_967862Z_seed46,0,49,shared_d1,d1,67;362;43;270,0.163696334;0.317701494;0.191610471;0.326991701,3.798525341e-01,3.798525341e-01,6.681690577e-01,6.681690577e-01,6.674291805e-01,4.193934749e-01,5.495874415e-01,nan,nan,3.798525341e-01,4.992349716e-01,1.310433935e+00,5.800311905e-01,nan,5.237585057e-01,9.475136001e-01,3.798525341e-01,4.992349716e-01,5.483374894e-01,6.199423504e-01,6.674291805e-01,1.186686900e-05,4.032360658e-01,7.698892932e-01
46,7,512,seed46_p07,E:\Desktop\AnewOmni\4.5hypothesis\experiments\10_lambda_frame_particle_sweep\results\002_20260720T200720_834951Z_seed45-46-47\conditions\seed46_p07\runs\001_20260720T222733_967862Z_seed46,0,49,shared_du,du,67;362;43;270,0.185666431;0.175969506;0.232126446;0.406237617,6.537144565e-01,3.885446057e-01,6.537144565e-01,3.885446057e-01,6.530137943e-01,4.281318932e-01,4.815413924e-01,nan,nan,3.885446057e-01,4.367037981e-01,1.124750106e+00,5.800311905e-01,nan,5.237585057e-01,8.301991346e-01,3.885446057e-01,4.367037981e-01,5.435252091e-01,6.114383388e-01,6.530137943e-01,1.186686900e-05,3.692840524e-01,7.050654993e-01
46,7,512,seed46_p07,E:\Desktop\AnewOmni\4.5hypothesis\experiments\10_lambda_frame_particle_sweep\results\002_20260720T200720_834951Z_seed45-46-47\conditions\seed46_p07\runs\001_20260720T222733_967862Z_seed46,0,49,per_particle_d1,d1,67;362;43;270,0.430648275;0.043915014;0.000000000;0.525436711|0.000000000;0.504353623;0.036516500;0.459129877|0.141186191;0.000000000;0.000000000;0.858813809|0.732902310;0.000000000;0.267097690;0.000000000|0.683265534;0.000000000;0.000000000;0.316734466|0.883039623;0.116960377;0.000000000;0.000000000|0.439714081;0.405970891;0.000000000;0.154315029,3.164202397e-01,3.164202397e-01,5.976965126e-01,5.976965126e-01,5.967241424e-01,3.499763363e-01,4.491874481e-01,nan,nan,3.164202397e-01,4.083932380e-01,1.283479486e+00,5.800311905e-01,nan,5.237585057e-01,7.744194717e-01,3.164202397e-01,4.083932380e-01,5.045842824e-01,5.907736107e-01,5.967241424e-01,1.255138018e-05,3.579507890e-01,6.834271618e-01
46,7,512,seed46_p07,E:\Desktop\AnewOmni\4.5hypothesis\experiments\10_lambda_frame_particle_sweep\results\002_20260720T200720_834951Z_seed45-46-47\conditions\seed46_p07\runs\001_20260720T222733_967862Z_seed46,0,49,per_particle_du,du,67;362;43;270,0.689534720;0.080693422;0.000000000;0.229771858|0.000000000;0.528300313;0.116203634;0.355496053|0.000000000;0.000000000;0.149726457;0.850273543|0.621522749;0.000000000;0.351183668;0.027293582|0.000000000;0.000000000;0.239077383;0.760922617|0.000000000;0.653917208;0.346082792;0.000000000|0.302885753;0.537482953;0.000000000;0.159631294,4.358757780e-01,3.606168397e-01,4.358757780e-01,3.606168397e-01,4.347914277e-01,3.993163974e-01,4.698338680e-01,nan,nan,3.606168397e-01,4.258685543e-01,1.176595479e+00,5.800311905e-01,nan,5.237585057e-01,8.100148332e-01,3.606168397e-01,4.258685543e-01,4.185667483e-01,5.628777753e-01,4.347914277e-01,1.115535567e-05,4.081338864e-01,7.792405888e-01
46,8,512,seed46_p08,E:\Desktop\AnewOmni\4.5hypothesis\experiments\10_lambda_frame_particle_sweep\results\002_20260720T200720_834951Z_seed45-46-47\conditions\seed46_p08\runs\001_20260720T222734_546175Z_seed46,0,49,shared_d1,d1,504;151;94;210,0.331333753;0.101073698;0.335953820;0.231638729,2.835235280e-01,2.835235280e-01,5.583324161e-01,5.583324161e-01,5.565972686e-01,3.844398051e-01,5.673322881e-01,nan,nan,2.835235280e-01,4.227179286e-01,1.475737633e+00,6.181044372e-01,nan,4.669917312e-01,9.178583004e-01,2.835235280e-01,4.227179286e-01,2.261904106e-01,1.775777323e-01,5.565972686e-01,1.302950609e-05,3.668273848e-01,7.855115204e-01
46,8,512,seed46_p08,E:\Desktop\AnewOmni\4.5hypothesis\experiments\10_lambda_frame_particle_sweep\results\002_20260720T200720_834951Z_seed45-46-47\conditions\seed46_p08\runs\001_20260720T222734_546175Z_seed46,0,49,shared_du,du,504;151;94;210,0.155906396;0.012973408;0.402016275;0.429103920,5.236131817e-01,3.108313950e-01,5.236131817e-01,3.108313950e-01,5.228776284e-01,4.186762706e-01,4.223853575e-01,nan,nan,3.108313950e-01,3.154485906e-01,1.008859081e+00,6.181044372e-01,nan,4.669917312e-01,6.833559705e-01,3.108313950e-01,3.154485906e-01,2.829549344e-01,2.478492296e-01,5.228776284e-01,1.358728609e-05,4.547959776e-01,9.738844335e-01
46,8,512,seed46_p08,E:\Desktop\AnewOmni\4.5hypothesis\experiments\10_lambda_frame_particle_sweep\results\002_20260720T200720_834951Z_seed45-46-47\conditions\seed46_p08\runs\001_20260720T222734_546175Z_seed46,0,49,per_particle_d1,d1,504;151;94;210,0.188038796;0.000000000;0.033800717;0.778160487|0.000000000;0.000000000;0.414614828;0.585385172|0.314167609;0.078181879;0.145462002;0.462188511|0.000000000;0.000000000;0.359518468;0.640481532|0.541434595;0.196450448;0.212058823;0.050056134|0.823211938;0.000000000;0.027473969;0.149314093|0.512632913;0.085117782;0.333113996;0.069135310|0.000000000;0.273034819;0.687701989;0.039263192,1.763106560e-01,1.763106560e-01,4.879929302e-01,4.879929302e-01,4.847974218e-01,2.404787840e-01,3.493269524e-01,nan,nan,1.763106560e-01,2.606495484e-01,1.452631066e+00,6.181044372e-01,nan,4.669917312e-01,5.651584609e-01,1.763106560e-01,2.606495484e-01,1.421644700e-01,2.623253282e-01,4.847974218e-01,1.118795825e-05,3.991943550e-01,8.548210349e-01
46,8,512,seed46_p08,E:\Desktop\AnewOmni\4.5hypothesis\experiments\10_lambda_frame_particle_sweep\results\002_20260720T200720_834951Z_seed45-46-47\conditions\seed46_p08\runs\001_20260720T222734_546175Z_seed46,0,49,per_particle_du,du,504;151;94;210,0.201208223;0.000000000;0.000000000;0.798791777|0.000000000;0.227778608;0.000000000;0.772221392|0.329387863;0.000000000;0.000000000;0.670612137|0.376510192;0.000000000;0.528144333;0.095345474|0.080089019;0.477764428;0.337690499;0.104456053|0.753644483;0.000000000;0.000000000;0.246355517|0.000000000;0.359758208;0.365933701;0.274308091|0.000000000;0.000000000;1.000000000;0.000000000,3.772768712e-01,2.709356451e-01,3.772768712e-01,2.709356451e-01,3.740007214e-01,3.721742133e-01,3.659852795e-01,nan,nan,2.709356451e-01,2.735511815e-01,9.833708690e-01,6.181044372e-01,nan,4.669917312e-01,5.921091284e-01,2.709356451e-01,2.735511815e-01,1.546077073e-01,2.188459834e-01,3.740007214e-01,1.655662277e-05,4.400621974e-01,9.423340244e-01
46,9,512,seed46_p09,E:\Desktop\AnewOmni\4.5hypothesis\experiments\10_lambda_frame_particle_sweep\results\002_20260720T200720_834951Z_seed45-46-47\conditions\seed46_p09\runs\001_20260720T222734_326053Z_seed46,0,49,shared_d1,d1,422;409;406;40,0.382119768;0.162473882;0.211814754;0.243591596,3.891570191e-01,3.891570191e-01,6.209249283e-01,6.209249283e-01,6.202539054e-01,4.545522251e-01,4.692695799e-01,nan,nan,3.891570191e-01,4.018612822e-01,1.032377698e+00,5.715354980e-01,nan,4.945285172e-01,8.210681254e-01,3.891570191e-01,4.018612822e-01,4.238771307e-01,3.204699296e-01,6.202539054e-01,1.059003453e-05,2.944974335e-01,5.955115292e-01
46,9,512,seed46_p09,E:\Desktop\AnewOmni\4.5hypothesis\experiments\10_lambda_frame_particle_sweep\results\002_20260720T200720_834951Z_seed45-46-47\conditions\seed46_p09\runs\001_20260720T222734_326053Z_seed46,0,49,shared_du,du,422;409;406;40,0.383501454;0.180625049;0.203134110;0.232739388,6.207183104e-01,3.892370246e-01,6.207183104e-01,3.892370246e-01,6.200721596e-01,4.546082626e-01,4.620047952e-01,nan,nan,3.892370246e-01,3.954039800e-01,1.016270124e+00,5.715354980e-01,nan,4.945285172e-01,8.083571306e-01,3.892370246e-01,3.954039800e-01,4.236198235e-01,3.098483295e-01,6.200721596e-01,1.380459025e-05,3.134984909e-01,6.339341008e-01
46,9,512,seed46_p09,E:\Desktop\AnewOmni\4.5hypothesis\experiments\10_lambda_frame_particle_sweep\results\002_20260720T200720_834951Z_seed45-46-47\conditions\seed46_p09\runs\001_20260720T222734_326053Z_seed46,0,49,per_particle_d1,d1,422;409;406;40,0.823414336;0.176585664;0.000000000;0.000000000|0.000000000;0.000000000;0.789420095;0.210579905|0.034860328;0.937670684;0.000000000;0.027468988|1.000000000;0.000000000;0.000000000;0.000000000|0.289963511;0.438594112;0.042983690;0.228458688|0.070953608;0.000000000;0.000000000;0.929046392|0.610735244;0.361080511;0.028184246;0.000000000|0.000000000;0.000000000;0.504078485;0.495921515|0.000000000;0.746390320;0.253609680;0.000000000,2.726294568e-01,2.726294568e-01,5.302702138e-01,5.302702138e-01,5.274345420e-01,3.180637473e-01,3.479870717e-01,nan,nan,2.726294568e-01,2.978951113e-01,1.094079645e+00,5.715354980e-01,nan,4.945285172e-01,6.088634440e-01,2.726294568e-01,2.984194607e-01,2.065727270e-01,1.808639184e-01,5.274345420e-01,9.025617453e-06,3.830114280e-01,7.744981628e-01
46,9,512,seed46_p09,E:\Desktop\AnewOmni\4.5hypothesis\experiments\10_lambda_frame_particle_sweep\results\002_20260720T200720_834951Z_seed45-46-47\conditions\seed46_p09\runs\001_20260720T222734_326053Z_seed46,0,49,per_particle_du,du,422;409;406;40,1.000000000;0.000000000;0.000000000;0.000000000|0.000000000;0.039747756;0.685600965;0.274651279|0.257510175;0.541252590;0.000000000;0.201237235|0.868105827;0.131894173;0.000000000;0.000000000|0.000000000;0.044390546;0.393385365;0.562224089|0.271957175;0.000000000;0.396245114;0.331797711|0.693773590;0.306226410;0.000000000;0.000000000|0.108006229;0.000000000;0.816675950;0.075317821|0.000000000;0.661196056;0.338803944;0.000000000,4.599624339e-01,3.365352885e-01,4.599624339e-01,3.365352885e-01,4.585264201e-01,3.921936827e-01,4.037290885e-01,nan,nan,3.365352885e-01,3.461974446e-01,1.029412523e+00,5.715354980e-01,nan,4.945285172e-01,7.063937234e-01,3.365352885e-01,3.461974446e-01,3.636099320e-01,2.881232277e-01,4.585264201e-01,1.175748894e-05,3.284942804e-01,6.642575080e-01
46,10,512,seed46_p10,E:\Desktop\AnewOmni\4.5hypothesis\experiments\10_lambda_frame_particle_sweep\results\002_20260720T200720_834951Z_seed45-46-47\conditions\seed46_p10\runs\001_20260720T222733_820529Z_seed46,0,49,shared_d1,d1,183;319;52;482,0.370806174;0.307015054;0.142033739;0.180145032,4.360420917e-01,4.360420917e-01,6.555486537e-01,6.555486537e-01,6.548412942e-01,4.197481027e-01,5.219176859e-01,nan,nan,4.360420917e-01,5.385399525e-01,1.243406897e+00,5.749435354e-01,nan,5.923530327e-01,9.077720746e-01,4.360420917e-01,5.385399525e-01,8.886211036e-01,9.258556012e-01,6.548412942e-01,1.371212321e-05,3.492932347e-01,5.896707123e-01
46,10,512,seed46_p10,E:\Desktop\AnewOmni\4.5hypothesis\experiments\10_lambda_frame_particle_sweep\results\002_20260720T200720_834951Z_seed45-46-47\conditions\seed46_p10\runs\001_20260720T222733_820529Z_seed46,0,49,shared_du,du,183;319;52;482,0.284123842;0.085579997;0.315983592;0.314312568,6.193227095e-01,4.553920394e-01,6.193227095e-01,4.553920394e-01,6.188109703e-01,4.410600854e-01,4.916391627e-01,nan,nan,4.553920394e-01,5.072312796e-01,1.114676161e+00,5.749435354e-01,nan,5.923530327e-01,8.551086019e-01,4.553920394e-01,5.072312796e-01,8.422555197e-01,7.622198534e-01,6.188109703e-01,1.310770160e-05,3.684068298e-01,6.219379483e-01
46,10,512,seed46_p10,E:\Desktop\AnewOmni\4.5hypothesis\experiments\10_lambda_frame_particle_sweep\results\002_20260720T200720_834951Z_seed45-46-47\conditions\seed46_p10\runs\001_20260720T222733_820529Z_seed46,0,49,per_particle_d1,d1,183;319;52;482,0.329213567;0.140790263;0.207745830;0.322250340|0.000000000;0.881832623;0.118167377;0.000000000|0.187299314;0.508144558;0.000000000;0.304556127|0.562482916;0.086560411;0.000000000;0.350956673|0.607336678;0.023167454;0.369495868;0.000000000|0.000000000;0.192438516;0.029248717;0.778312767|0.424910987;0.000000000;0.029988991;0.545100022|0.000000000;0.000000000;0.980760954;0.019239046|0.640197310;0.359802690;0.000000000;0.000000000|0.438417532;0.000000000;0.561582468;0.000000000,3.361981929e-01,3.361981929e-01,5.049257159e-01,5.049257159e-01,5.036275971e-01,3.229151416e-01,3.987518042e-01,nan,nan,3.361981929e-01,4.124340823e-01,1.234850129e+00,5.749435354e-01,nan,5.923530327e-01,6.935495048e-01,3.361981929e-01,4.124340823e-01,6.540402163e-01,7.017780142e-01,5.036275971e-01,1.215257637e-05,4.169886411e-01,7.039529100e-01
46,10,512,seed46_p10,E:\Desktop\AnewOmni\4.5hypothesis\experiments\10_lambda_frame_particle_sweep\results\002_20260720T200720_834951Z_seed45-46-47\conditions\seed46_p10\runs\001_20260720T222733_820529Z_seed46,0,49,per_particle_du,du,183;319;52;482,0.618034312;0.000000000;0.241338821;0.140626867|0.000000000;0.654475707;0.345524293;0.000000000|0.137561015;0.862438985;0.000000000;0.000000000|0.605477593;0.121834252;0.000000000;0.272688156|0.750495220;0.249504780;0.000000000;0.000000000|0.000000000;0.293715798;0.000000000;0.706284202|0.080300255;0.243686704;0.085577655;0.590435387|0.000000000;0.000000000;0.862608735;0.137391265|0.316097610;0.611184873;0.072717517;0.000000000|0.353830778;0.000000000;0.646169222;0.000000000,4.328735683e-01,3.803590398e-01,4.328735683e-01,3.803590398e-01,4.314776911e-01,3.681247458e-01,4.421192371e-01,nan,nan,3.803590398e-01,4.571027461e-01,1.201003850e+00,5.749435354e-01,nan,5.923530327e-01,7.689785342e-01,3.803590398e-01,4.571027461e-01,6.523895578e-01,7.782714060e-01,4.314776911e-01,1.082690709e-05,3.743400199e-01,6.319542557e-01
47,1,512,seed47_p01,E:\Desktop\AnewOmni\4.5hypothesis\experiments\10_lambda_frame_particle_sweep\results\002_20260720T200720_834951Z_seed45-46-47\conditions\seed47_p01\runs\001_20260720T222734_114798Z_seed47,0,66,shared_d1,d1,441;119;443;311,0.521675268;0.397273318;0.081051414;0.000000000,7.364616214e-02,7.364616214e-02,3.875458339e-01,3.875458339e-01,3.552292851e-01,7.407312424e-02,1.307841730e-01,1.423665378e-01,2.513636369e-01,7.364616214e-02,1.303061648e-01,1.765608975e+00,1.312596855e-01,2.522775590e-01,1.307745118e-01,9.963773151e-01,7.364616214e-02,1.303061648e-01,0.000000000e+00,0.000000000e+00,3.552292851e-01,1.715992409e-05,6.544724459e-04,5.004587184e-03
47,1,512,seed47_p01,E:\Desktop\AnewOmni\4.5hypothesis\experiments\10_lambda_frame_particle_sweep\results\002_20260720T200720_834951Z_seed45-46-47\conditions\seed47_p01\runs\001_20260720T222734_114798Z_seed47,0,66,shared_du,du,441;119;443;311,0.416651475;0.021382326;0.561966199;0.000000000,3.553768870e-01,1.183035211e-01,3.553768870e-01,1.183035211e-01,2.843517124e-01,1.194525142e-01,1.829564315e-01,2.295844957e-01,3.516373041e-01,1.183035211e-01,1.829513623e-01,1.531624786e+00,1.312596855e-01,2.522775590e-01,1.307745118e-01,1.393850906e+00,1.183035211e-01,1.829513623e-01,0.000000000e+00,0.000000000e+00,2.843517124e-01,1.684993949e-05,9.454876768e-04,7.229907905e-03
47,1,512,seed47_p01,E:\Desktop\AnewOmni\4.5hypothesis\experiments\10_lambda_frame_particle_sweep\results\002_20260720T200720_834951Z_seed45-46-47\conditions\seed47_p01\runs\001_20260720T222734_114798Z_seed47,0,66,per_particle_d1,d1,441;119;443;311,0.521675268;0.397273318;0.081051414;0.000000000,7.364616214e-02,7.364616214e-02,3.875458339e-01,3.875458339e-01,3.552292851e-01,7.407312424e-02,1.307841730e-01,1.423665378e-01,2.513636369e-01,7.364616214e-02,1.303061648e-01,1.765608975e+00,1.312596855e-01,2.522775590e-01,1.307745118e-01,9.963773151e-01,7.364616214e-02,1.303061648e-01,0.000000000e+00,0.000000000e+00,3.552292851e-01,1.715992409e-05,6.544724459e-04,5.004587184e-03
47,1,512,seed47_p01,E:\Desktop\AnewOmni\4.5hypothesis\experiments\10_lambda_frame_particle_sweep\results\002_20260720T200720_834951Z_seed45-46-47\conditions\seed47_p01\runs\001_20260720T222734_114798Z_seed47,0,66,per_particle_du,du,441;119;443;311,0.416651475;0.021382326;0.561966199;0.000000000,3.553768870e-01,1.183035211e-01,3.553768870e-01,1.183035211e-01,2.843517124e-01,1.194525142e-01,1.829564315e-01,2.295844957e-01,3.516373041e-01,1.183035211e-01,1.829513623e-01,1.531624786e+00,1.312596855e-01,2.522775590e-01,1.307745118e-01,1.393850906e+00,1.183035211e-01,1.829513623e-01,0.000000000e+00,0.000000000e+00,2.843517124e-01,1.684993949e-05,9.454876768e-04,7.229907905e-03
47,2,512,seed47_p02,E:\Desktop\AnewOmni\4.5hypothesis\experiments\10_lambda_frame_particle_sweep\results\002_20260720T200720_834951Z_seed45-46-47\conditions\seed47_p02\runs\001_20260720T222735_095121Z_seed47,0,66,shared_d1,d1,41;205;285;369,0.811810157;0.188189843;0.000000000;0.000000000,2.254599588e-01,2.254599588e-01,4.202250436e-01,4.202250436e-01,4.062745711e-01,2.339316563e-01,2.388854903e-01,nan,nan,2.254599588e-01,2.308535104e-01,1.021176416e+00,2.393743744e-01,nan,2.313442315e-01,9.979576592e-01,2.254599588e-01,2.308535104e-01,1.358389308e-01,6.888095799e-02,4.062745711e-01,7.697249888e-06,1.085327855e-03,4.691397958e-03
47,2,512,seed47_p02,E:\Desktop\AnewOmni\4.5hypothesis\experiments\10_lambda_frame_particle_sweep\results\002_20260720T200720_834951Z_seed45-46-47\conditions\seed47_p02\runs\001_20260720T222735_095121Z_seed47,0,66,shared_du,du,41;205;285;369,0.881040421;0.118959579;0.000000000;0.000000000,4.177173447e-01,2.262652245e-01,4.177173447e-01,2.262652245e-01,4.011086340e-01,2.343753406e-01,2.388854903e-01,nan,nan,2.262652245e-01,2.308535104e-01,1.019243278e+00,2.393743744e-01,nan,2.313442315e-01,9.979576592e-01,2.262652245e-01,2.308535104e-01,1.103904272e-01,6.888095799e-02,4.011086340e-01,7.745687243e-06,1.085327855e-03,4.691397958e-03
47,2,512,seed47_p02,E:\Desktop\AnewOmni\4.5hypothesis\experiments\10_lambda_frame_particle_sweep\results\002_20260720T200720_834951Z_seed45-46-47\conditions\seed47_p02\runs\001_20260720T222735_095121Z_seed47,0,66,per_particle_d1,d1,41;205;285;369,0.908768903;0.091231097;0.000000000;0.000000000|0.419598752;0.580401248;0.000000000;0.000000000,2.189591138e-01,2.189591138e-01,3.902268073e-01,3.902268073e-01,3.817547356e-01,2.260569269e-01,2.332015260e-01,nan,nan,2.189591138e-01,2.251793108e-01,1.031605309e+00,2.393743744e-01,nan,2.313442315e-01,9.742125764e-01,2.189591138e-01,2.251793108e-01,1.973020874e-02,1.796993425e-01,3.817547356e-01,7.755714024e-06,1.223045308e-01,5.286690315e-01
47,2,512,seed47_p02,E:\Desktop\AnewOmni\4.5hypothesis\experiments\10_lambda_frame_particle_sweep\results\002_20260720T200720_834951Z_seed45-46-47\conditions\seed47_p02\runs\001_20260720T222735_095121Z_seed47,0,66,per_particle_du,du,41;205;285;369,0.984467190;0.000000000;0.000000000;0.015532810|0.454020686;0.545979314;0.000000000;0.000000000,3.846055161e-01,2.201918293e-01,3.846055161e-01,2.201918293e-01,3.756429726e-01,2.268445350e-01,2.332015260e-01,nan,nan,2.201918293e-01,2.251793108e-01,1.028023558e+00,2.393743744e-01,nan,2.313442315e-01,9.742125764e-01,2.201918293e-01,2.251793108e-01,5.762145470e-02,1.796993425e-01,3.756429726e-01,7.445799754e-06,1.223045308e-01,5.286690315e-01
47,3,512,seed47_p03,E:\Desktop\AnewOmni\4.5hypothesis\experiments\10_lambda_frame_particle_sweep\results\002_20260720T200720_834951Z_seed45-46-47\conditions\seed47_p03\runs\001_20260720T222734_798184Z_seed47,0,66,shared_d1,d1,103;148;75;150,0.293918007;0.431146549;0.000000000;0.274935444,2.136297337e-01,2.136297337e-01,6.019536730e-01,6.019536730e-01,6.020972426e-01,3.835580630e-01,4.406088687e-01,nan,nan,2.136297337e-01,2.466829852e-01,1.148740989e+00,5.911598078e-01,nan,3.239060313e-01,7.453295419e-01,2.136297337e-01,2.466829852e-01,3.728597914e-01,2.277669841e-01,6.020972426e-01,7.686973235e-06,2.165020792e-01,6.684101506e-01
47,3,512,seed47_p03,E:\Desktop\AnewOmni\4.5hypothesis\experiments\10_lambda_frame_particle_sweep\results\002_20260720T200720_834951Z_seed45-46-47\conditions\seed47_p03\runs\001_20260720T222734_798184Z_seed47,0,66,shared_du,du,103;148;75;150,0.316980809;0.538549465;0.144469727;0.000000000,5.763954489e-01,2.468376638e-01,5.763954489e-01,2.468376638e-01,5.764641189e-01,4.499790210e-01,4.880594475e-01,nan,nan,2.468376638e-01,2.681252175e-01,1.084627115e+00,5.911598078e-01,nan,3.239060313e-01,8.255964649e-01,2.468376638e-01,2.681252175e-01,3.922031494e-01,1.882456256e-01,5.764641189e-01,6.390925340e-06,2.066083098e-01,6.378649665e-01
47,3,512,seed47_p03,E:\Desktop\AnewOmni\4.5hypothesis\experiments\10_lambda_frame_particle_sweep\results\002_20260720T200720_834951Z_seed45-46-47\conditions\seed47_p03\runs\001_20260720T222734_798184Z_seed47,0,66,per_particle_d1,d1,103;148;75;150,0.739559352;0.260440648;0.000000000;0.000000000|0.023861283;0.347003353;0.265583748;0.363551616|0.489699530;0.133949692;0.376350778;0.000000000,1.692175839e-01,1.692175839e-01,6.488546313e-01,6.488546313e-01,6.483168683e-01,3.034834688e-01,3.750587222e-01,nan,nan,1.692175839e-01,2.101765133e-01,1.235845642e+00,5.911598078e-01,nan,3.239060313e-01,6.344455716e-01,1.692175839e-01,2.101765133e-01,2.609033405e-01,2.352755099e-01,6.483168683e-01,7.556199479e-06,2.288208993e-01,7.064422306e-01
47,3,512,seed47_p03,E:\Desktop\AnewOmni\4.5hypothesis\experiments\10_lambda_frame_particle_sweep\results\002_20260720T200720_834951Z_seed45-46-47\conditions\seed47_p03\runs\001_20260720T222734_798184Z_seed47,0,66,per_particle_du,du,103;148;75;150,0.432023832;0.567976168;0.000000000;0.000000000|0.040205979;0.631908677;0.327885344;0.000000000|0.197503059;0.449547412;0.352949529;0.000000000,5.519009851e-01,2.236217975e-01,5.519009851e-01,2.236217975e-01,5.516781580e-01,4.086938113e-01,5.483536325e-01,nan,nan,2.236217975e-01,2.989130457e-01,1.341722378e+00,5.911598078e-01,nan,3.239060313e-01,9.275895033e-01,2.236217975e-01,2.989130457e-01,3.249472240e-01,3.804583469e-01,5.516781580e-01,6.201510021e-06,1.406151107e-01,4.341231627e-01
47,4,512,seed47_p04,E:\Desktop\AnewOmni\4.5hypothesis\experiments\10_lambda_frame_particle_sweep\results\002_20260720T200720_834951Z_seed45-46-47\conditions\seed47_p04\runs\001_20260720T222733_821374Z_seed47,0,66,shared_d1,d1,159;214;260;210,0.510994098;0.141531131;0.119836022;0.227638749,3.201699539e-01,3.201699539e-01,7.056529332e-01,7.056529332e-01,7.051907952e-01,4.720620378e-01,5.239967875e-01,nan,nan,3.201699539e-01,3.562557543e-01,1.110016789e+00,5.645092126e-01,nan,3.870548913e-01,9.282342533e-01,3.201699539e-01,3.562557543e-01,8.099626734e-01,8.281318043e-01,7.051907952e-01,6.942976793e-06,1.290155694e-01,3.333262861e-01
47,4,512,seed47_p04,E:\Desktop\AnewOmni\4.5hypothesis\experiments\10_lambda_frame_particle_sweep\results\002_20260720T200720_834951Z_seed45-46-47\conditions\seed47_p04\runs\001_20260720T222733_821374Z_seed47,0,66,shared_du,du,159;214;260;210,0.407491445;0.151220442;0.235554906;0.205733207,6.994553365e-01,3.240636003e-01,6.994553365e-01,3.240636003e-01,6.992024812e-01,4.773964536e-01,4.591031625e-01,nan,nan,3.240636003e-01,3.116000198e-01,9.616811332e-01,5.645092126e-01,nan,3.870548913e-01,8.132784235e-01,3.240636003e-01,3.116000198e-01,8.359232754e-01,7.626495780e-01,6.992024812e-01,5.429924997e-06,2.280623448e-01,5.892248101e-01
47,4,512,seed47_p04,E:\Desktop\AnewOmni\4.5hypothesis\experiments\10_lambda_frame_particle_sweep\results\002_20260720T200720_834951Z_seed45-46-47\conditions\seed47_p04\runs\001_20260720T222733_821374Z_seed47,0,66,per_particle_d1,d1,159;214;260;210,1.000000000;0.000000000;0.000000000;0.000000000|0.000000000;0.000000000;0.021399055;0.978600945|0.723651222;0.179342692;0.000000000;0.097006085|0.091404208;0.221260254;0.541275562;0.146059975,2.477747611e-01,2.477747611e-01,6.704104714e-01,6.704104714e-01,6.711768188e-01,3.660348751e-01,4.023509439e-01,nan,nan,2.477747611e-01,2.715099784e-01,1.099214778e+00,5.645092126e-01,nan,3.870548913e-01,7.127446902e-01,2.477747611e-01,2.715099784e-01,5.877775301e-01,7.158711450e-01,6.711768188e-01,1.215946108e-05,2.233666272e-01,5.770928935e-01
47,4,512,seed47_p04,E:\Desktop\AnewOmni\4.5hypothesis\experiments\10_lambda_frame_particle_sweep\results\002_20260720T200720_834951Z_seed45-46-47\conditions\seed47_p04\runs\001_20260720T222733_821374Z_seed47,0,66,per_particle_du,du,159;214;260;210,0.322148833;0.677851167;0.000000000;0.000000000|0.000000000;0.000000000;0.694614875;0.305385125|0.482279748;0.141862428;0.000000000;0.375857824|0.000000000;0.315921789;0.549053493;0.135024718,5.068515569e-01,2.858148702e-01,5.068515569e-01,2.858148702e-01,5.071094121e-01,4.197345893e-01,5.962051226e-01,nan,nan,2.858148702e-01,4.019708193e-01,1.420433621e+00,5.645092126e-01,nan,3.870548913e-01,1.056147729e+00,2.858148702e-01,4.019708193e-01,5.348785011e-01,4.443239452e-01,5.071094121e-01,1.473665920e-05,2.724467305e-01,7.038968804e-01
47,5,512,seed47_p05,E:\Desktop\AnewOmni\4.5hypothesis\experiments\10_lambda_frame_particle_sweep\results\002_20260720T200720_834951Z_seed45-46-47\conditions\seed47_p05\runs\001_20260721T000115_060904Z_seed47,0,66,shared_d1,d1,45;150;330;152,0.330462415;0.217281719;0.270937257;0.181318609,2.756373123e-01,2.756373123e-01,5.565061786e-01,5.565061786e-01,5.585981585e-01,4.175385226e-01,5.212026597e-01,nan,nan,2.756373123e-01,3.423977638e-01,1.248274426e+00,7.163138399e-01,nan,4.746864726e-01,7.276177433e-01,2.756373123e-01,3.503382593e-01,4.691236685e-01,6.168675299e-01,5.585981585e-01,1.534687891e-05,4.405306497e-01,9.280455104e-01
47,5,512,seed47_p05,E:\Desktop\AnewOmni\4.5hypothesis\experiments\10_lambda_frame_particle_sweep\results\002_20260720T200720_834951Z_seed45-46-47\conditions\seed47_p05\runs\001_20260721T000115_060904Z_seed47,0,66,shared_du,du,45;150;330;152,0.217421011;0.244354965;0.317660884;0.220563141,5.472562150e-01,2.839498701e-01,5.472562150e-01,2.839498701e-01,5.482685008e-01,4.305120457e-01,5.229642560e-01,nan,nan,2.839498701e-01,3.435833623e-01,1.214749416e+00,7.163138399e-01,nan,4.746864726e-01,7.300769954e-01,2.839498701e-01,3.514970755e-01,4.410416656e-01,6.035194531e-01,5.482685008e-01,1.534687891e-05,4.425210184e-01,9.322385280e-01
47,5,512,seed47_p05,E:\Desktop\AnewOmni\4.5hypothesis\experiments\10_lambda_frame_particle_sweep\results\002_20260720T200720_834951Z_seed45-46-47\conditions\seed47_p05\runs\001_20260721T000115_060904Z_seed47,0,66,per_particle_d1,d1,45;150;330;152,0.481598593;0.136176231;0.000000000;0.382225176|0.065891718;0.375633019;0.558475263;0.000000000|0.607971727;0.000000000;0.187824045;0.204204228|0.278641221;0.271582544;0.176599688;0.273176546|0.229999628;0.470922134;0.299078239;0.000000000,2.306561374e-01,2.306561374e-01,5.087209479e-01,5.087209479e-01,5.130711718e-01,3.501134980e-01,3.520522460e-01,nan,nan,2.306561374e-01,2.318947810e-01,1.005537484e+00,7.163138399e-01,nan,4.746864726e-01,4.914776547e-01,2.306561374e-01,2.318947810e-01,4.727509771e-01,2.337723072e-01,5.130711718e-01,1.540845431e-05,4.990195816e-01,1.051261434e+00
47,5,512,seed47_p05,E:\Desktop\AnewOmni\4.5hypothesis\experiments\10_lambda_frame_particle_sweep\results\002_20260720T200720_834951Z_seed45-46-47\conditions\seed47_p05\runs\001_20260721T000115_060904Z_seed47,0,66,per_particle_du,du,45;150;330;152,0.348939604;0.297664894;0.000000000;0.353395502|0.088258065;0.552624247;0.359117688;0.000000000|0.152010982;0.000000000;0.491033300;0.356955717|0.000000000;0.389615870;0.114895063;0.495489067|0.303810837;0.192234380;0.503954784;0.000000000,4.068260781e-01,2.897394984e-01,4.068260781e-01,2.897394984e-01,4.058713267e-01,4.373907703e-01,5.699260169e-01,nan,nan,2.897394984e-01,3.723495342e-01,1.303013359e+00,7.163138399e-01,nan,4.746864726e-01,7.956373102e-01,2.897394984e-01,3.723495342e-01,4.421188703e-01,5.067805889e-01,4.058713267e-01,1.353437797e-05,3.043110174e-01,6.410779220e-01
47,6,512,seed47_p06,E:\Desktop\AnewOmni\4.5hypothesis\experiments\10_lambda_frame_particle_sweep\results\002_20260720T200720_834951Z_seed45-46-47\conditions\seed47_p06\runs\001_20260721T000115_102636Z_seed47,0,66,shared_d1,d1,137;158;186;17,0.202139625;0.300653238;0.338356436;0.158850701,6.033903415e-01,6.033903415e-01,6.114366937e-01,6.114366937e-01,6.072617660e-01,5.682218246e-01,6.361826797e-01,nan,nan,6.033903415e-01,6.731569692e-01,1.119602683e+00,7.374173771e-01,nan,7.827220511e-01,8.627172337e-01,6.033903415e-01,6.731569692e-01,1.205727744e+00,1.278023304e+00,6.072617660e-01,1.417381085e-05,4.675606445e-01,5.973520791e-01
47,6,512,seed47_p06,E:\Desktop\AnewOmni\4.5hypothesis\experiments\10_lambda_frame_particle_sweep\results\002_20260720T200720_834951Z_seed45-46-47\conditions\seed47_p06\runs\001_20260721T000115_102636Z_seed47,0,66,shared_du,du,137;158;186;17,0.190454244;0.370140389;0.334523273;0.104882095,6.074111803e-01,6.063812085e-01,6.074111803e-01,6.063812085e-01,6.029503992e-01,5.704572625e-01,6.985152512e-01,nan,nan,6.063812085e-01,7.384744600e-01,1.224483054e+00,7.374173771e-01,nan,7.827220511e-01,9.472454446e-01,6.063812085e-01,7.384744600e-01,1.240002971e+00,1.463694985e+00,6.029503992e-01,1.036473083e-05,4.451416210e-01,5.687096976e-01
47,6,512,seed47_p06,E:\Desktop\AnewOmni\4.5hypothesis\experiments\10_lambda_frame_particle_sweep\results\002_20260720T200720_834951Z_seed45-46-47\conditions\seed47_p06\runs\001_20260721T000115_102636Z_seed47,0,66,per_particle_d1,d1,137;158;186;17,0.000000000;0.998983165;0.001016835;0.000000000|1.000000000;0.000000000;0.000000000;0.000000000|0.000000000;0.419521852;0.580478148;0.000000000|0.106839513;0.076072840;0.047457222;0.769630425|0.000000000;0.291020743;0.708979257;0.000000000|0.429103708;0.570896292;0.000000000;0.000000000,4.543719073e-01,4.543719073e-01,5.320407873e-01,5.320407873e-01,5.230708249e-01,4.249124503e-01,6.778782121e-01,nan,nan,4.543719073e-01,7.181853489e-01,1.595336196e+00,7.374173771e-01,nan,7.827220511e-01,9.192598834e-01,4.543719073e-01,7.181853489e-01,7.895955825e-01,1.440317367e+00,5.230708249e-01,1.538276909e-05,4.922919026e-01,6.289485545e-01
47,6,512,seed47_p06,E:\Desktop\AnewOmni\4.5hypothesis\experiments\10_lambda_frame_particle_sweep\results\002_20260720T200720_834951Z_seed45-46-47\conditions\seed47_p06\runs\001_20260721T000115_102636Z_seed47,0,66,per_particle_du,du,137;158;186;17,0.000000000;0.905202742;0.094797258;0.000000000|0.812395043;0.000000000;0.000000000;0.187604957|0.391424614;0.608575386;0.000000000;0.000000000|0.014185643;0.312348024;0.250064032;0.423402301|0.494549577;0.064929371;0.440521051;0.000000000|0.760279320;0.239720680;0.000000000;0.000000000,4.480532025e-01,6.174377158e-01,4.480532025e-01,6.174377158e-01,4.373036400e-01,5.814746837e-01,6.166778611e-01,nan,nan,6.174377158e-01,6.527694657e-01,1.060541204e+00,7.374173771e-01,nan,7.827220511e-01,8.362670589e-01,6.174377158e-01,6.527694657e-01,1.402290821e+00,1.245014162e+00,4.373036400e-01,1.538673297e-05,4.798173116e-01,6.130111077e-01
47,7,512,seed47_p07,E:\Desktop\AnewOmni\4.5hypothesis\experiments\10_lambda_frame_particle_sweep\results\002_20260720T200720_834951Z_seed45-46-47\conditions\seed47_p07\runs\001_20260721T000115_584246Z_seed47,0,66,shared_d1,d1,488;430;309;228,0.302887580;0.223497348;0.131397497;0.342217576,4.622277659e-01,4.622277659e-01,7.326287892e-01,7.326287892e-01,7.318417109e-01,5.044109288e-01,6.109220630e-01,nan,nan,4.622277659e-01,5.619728684e-01,1.211159450e+00,6.575945090e-01,nan,6.135157775e-01,9.290254931e-01,4.622277659e-01,5.629198159e-01,8.041374522e-01,7.160681448e-01,7.318417109e-01,1.289608554e-05,2.931825517e-01,4.778728803e-01
47,7,512,seed47_p07,E:\Desktop\AnewOmni\4.5hypothesis\experiments\10_lambda_frame_particle_sweep\results\002_20260720T200720_834951Z_seed45-46-47\conditions\seed47_p07\runs\001_20260721T000115_584246Z_seed47,0,66,shared_du,du,488;430;309;228,0.127897682;0.137013692;0.394066790;0.341021837,6.868311161e-01,4.793927616e-01,6.868311161e-01,4.793927616e-01,6.860806286e-01,5.217766118e-01,6.282031707e-01,nan,nan,4.793927616e-01,5.775329755e-01,1.203969585e+00,6.575945090e-01,nan,6.135157775e-01,9.553047693e-01,4.793927616e-01,5.775329755e-01,7.803954529e-01,7.586031962e-01,6.860806286e-01,1.954536823e-05,3.376635610e-01,5.503746983e-01
47,7,512,seed47_p07,E:\Desktop\AnewOmni\4.5hypothesis\experiments\10_lambda_frame_particle_sweep\results\002_20260720T200720_834951Z_seed45-46-47\conditions\seed47_p07\runs\001_20260721T000115_584246Z_seed47,0,66,per_particle_d1,d1,488;430;309;228,0.000000000;0.462188485;0.170589045;0.367222470|0.517666777;0.175754105;0.306579118;0.000000000|0.882983711;0.000000000;0.023637430;0.093378859|0.000000000;0.000000000;0.000000000;1.000000000|0.000000000;1.000000000;0.000000000;0.000000000|0.000000000;0.220970754;0.000000000;0.779029246|0.463221296;0.536778704;0.000000000;0.000000000,3.316138187e-01,3.316138187e-01,7.246226011e-01,7.246226011e-01,7.231548237e-01,3.600183525e-01,3.704908985e-01,nan,nan,3.316138187e-01,3.425049006e-01,1.029088923e+00,6.575945090e-01,nan,6.135157775e-01,5.634032728e-01,3.316138187e-01,3.425049006e-01,5.265887607e-01,5.354062858e-01,7.231548237e-01,1.865023590e-05,4.200605795e-01,6.846777131e-01
47,7,512,seed47_p07,E:\Desktop\AnewOmni\4.5hypothesis\experiments\10_lambda_frame_particle_sweep\results\002_20260720T200720_834951Z_seed45-46-47\conditions\seed47_p07\runs\001_20260721T000115_584246Z_seed47,0,66,per_particle_du,du,488;430;309;228,0.000000000;0.000000000;0.209476215;0.790523785|0.534021394;0.066950053;0.399028553;0.000000000|0.000000000;0.000000000;0.635692287;0.364307713|0.574291463;0.263903546;0.000000000;0.161804991|0.000000000;0.775446608;0.000000000;0.224553392|0.000000000;0.251177357;0.141532004;0.607290640|0.102557415;0.608439574;0.289003011;0.000000000,5.187409110e-01,4.398794061e-01,5.187409110e-01,4.398794061e-01,5.182253487e-01,4.729082684e-01,5.944407769e-01,nan,nan,4.398794061e-01,5.509769245e-01,1.256989604e+00,6.575945090e-01,nan,6.135157775e-01,9.039625010e-01,4.398794061e-01,5.509769245e-01,4.384485973e-01,4.332620168e-01,5.182253487e-01,1.865023590e-05,4.348004595e-01,7.087029794e-01
47,8,512,seed47_p08,E:\Desktop\AnewOmni\4.5hypothesis\experiments\10_lambda_frame_particle_sweep\results\002_20260720T200720_834951Z_seed45-46-47\conditions\seed47_p08\runs\001_20260721T000115_229926Z_seed47,0,66,shared_d1,d1,41;31;440;374,0.332098626;0.239852031;0.249460099;0.178589244,4.527650555e-01,4.527650555e-01,6.577543835e-01,6.577543835e-01,6.566958909e-01,4.621170710e-01,5.603443297e-01,nan,nan,4.527650555e-01,5.566318914e-01,1.212559251e+00,5.938293639e-01,nan,5.841273857e-01,9.436116901e-01,4.527650555e-01,5.706894904e-01,5.367638890e-01,8.071979824e-01,6.566958909e-01,1.124638740e-05,3.932022568e-01,6.731447051e-01
47,8,512,seed47_p08,E:\Desktop\AnewOmni\4.5hypothesis\experiments\10_lambda_frame_particle_sweep\results\002_20260720T200720_834951Z_seed45-46-47\conditions\seed47_p08\runs\001_20260721T000115_229926Z_seed47,0,66,shared_du,du,41;31;440;374,0.569037464;0.216114537;0.038059645;0.176788353,6.294230589e-01,4.857755412e-01,6.294230589e-01,4.857755412e-01,6.283472998e-01,4.934220476e-01,6.093839263e-01,nan,nan,4.857755412e-01,5.960022468e-01,1.235015600e+00,5.938293639e-01,nan,5.841273857e-01,1.026193656e+00,4.857755412e-01,5.960022468e-01,3.886203316e-01,7.292578543e-01,6.283472998e-01,1.124638740e-05,3.456817760e-01,5.917917641e-01
47,8,512,seed47_p08,E:\Desktop\AnewOmni\4.5hypothesis\experiments\10_lambda_frame_particle_sweep\results\002_20260720T200720_834951Z_seed45-46-47\conditions\seed47_p08\runs\001_20260721T000115_229926Z_seed47,0,66,per_particle_d1,d1,41;31;440;374,0.000000000;0.033603924;0.966396076;0.000000000|0.000000000;0.720043653;0.000000000;0.279956347|0.376404517;0.183098940;0.000000000;0.440496543|0.000000000;0.465129543;0.352812785;0.182057671|0.249250445;0.000000000;0.303847812;0.446901744|0.000000000;0.504725837;0.153290064;0.341984099|0.877085324;0.053364189;0.000000000;0.069550488|0.684014276;0.000000000;0.054930272;0.261055451,3.639441362e-01,3.639441362e-01,6.714050035e-01,6.714050035e-01,6.695433291e-01,3.660534408e-01,4.283645419e-01,nan,nan,3.639441362e-01,4.265166861e-01,1.170224055e+00,5.938293639e-01,nan,5.841273857e-01,7.213596496e-01,3.639441362e-01,4.265166861e-01,2.531070132e-01,3.380370441e-01,6.695433291e-01,1.395363383e-05,3.803210436e-01,6.510926433e-01
47,8,512,seed47_p08,E:\Desktop\AnewOmni\4.5hypothesis\experiments\10_lambda_frame_particle_sweep\results\002_20260720T200720_834951Z_seed45-46-47\conditions\seed47_p08\runs\001_20260721T000115_229926Z_seed47,0,66,per_particle_du,du,41;31;440;374,0.000000000;0.257491746;0.380850743;0.361657511|0.390324493;0.609675507;0.000000000;0.000000000|0.731191582;0.225261875;0.043546543;0.000000000|0.346600848;0.653399152;0.000000000;0.000000000|0.343150725;0.000000000;0.410981209;0.245868067|0.000000000;0.510939770;0.014855667;0.474204563|0.983518753;0.000000000;0.000000000;0.016481247|0.000000000;0.722392285;0.000000000;0.277607715,4.793563579e-01,4.308986543e-01,4.793563579e-01,4.308986543e-01,4.776638085e-01,4.346721957e-01,4.906809323e-01,nan,nan,4.308986543e-01,4.878641122e-01,1.128852816e+00,5.938293639e-01,nan,5.841273857e-01,8.262995435e-01,4.308986543e-01,4.878641122e-01,3.447848207e-01,4.620203383e-01,4.776638085e-01,1.130312667e-05,5.048049472e-01,8.642035276e-01
47,9,512,seed47_p09,E:\Desktop\AnewOmni\4.5hypothesis\experiments\10_lambda_frame_particle_sweep\results\002_20260720T200720_834951Z_seed45-46-47\conditions\seed47_p09\runs\001_20260721T000115_828631Z_seed47,0,66,shared_d1,d1,250;344;273;10,0.341381327;0.218161041;0.235496849;0.204960783,3.494179847e-01,3.494179847e-01,6.759538754e-01,6.759538754e-01,6.782797845e-01,5.117999916e-01,5.922285757e-01,nan,nan,3.494179847e-01,3.978793621e-01,1.157148467e+00,6.846402975e-01,nan,4.722665474e-01,8.650214980e-01,3.494179847e-01,3.978793621e-01,1.461341739e-01,1.806133579e-01,6.782797845e-01,1.275150899e-05,3.786581694e-01,8.017890987e-01
47,9,512,seed47_p09,E:\Desktop\AnewOmni\4.5hypothesis\experiments\10_lambda_frame_particle_sweep\results\002_20260720T200720_834951Z_seed45-46-47\conditions\seed47_p09\runs\001_20260721T000115_828631Z_seed47,0,66,shared_du,du,250;344;273;10,0.137431921;0.170186497;0.443831397;0.248550185,6.470260255e-01,3.748577020e-01,6.470260255e-01,3.748577020e-01,6.494292625e-01,5.528772136e-01,6.711003677e-01,nan,nan,3.748577020e-01,4.551238022e-01,1.213832567e+00,6.846402975e-01,nan,4.722665474e-01,9.802232941e-01,3.748577020e-01,4.551238022e-01,1.685249510e-01,1.991228883e-01,6.494292625e-01,1.195613151e-05,2.386825320e-01,5.053979227e-01
47,9,512,seed47_p09,E:\Desktop\AnewOmni\4.5hypothesis\experiments\10_lambda_frame_particle_sweep\results\002_20260720T200720_834951Z_seed45-46-47\conditions\seed47_p09\runs\001_20260721T000115_828631Z_seed47,0,66,per_particle_d1,d1,250;344;273;10,0.827237478;0.000000000;0.172762522;0.000000000|0.227524049;0.487115484;0.217398273;0.067962194|0.000000000;0.221454463;0.778545537;0.000000000|0.557242087;0.088768247;0.000000000;0.353989665|0.743371641;0.256628359;0.000000000;0.000000000|0.000000000;0.266619539;0.600714807;0.132665654|0.931176923;0.066530995;0.000000000;0.002292082|0.046638722;0.000000000;0.372648345;0.580712933|0.375611134;0.000000000;0.169865455;0.454523411,2.357581558e-01,2.357581558e-01,5.645552855e-01,5.645552855e-01,5.640951723e-01,3.436169815e-01,4.134574601e-01,nan,nan,2.357581558e-01,2.873212850e-01,1.203250952e+00,6.846402975e-01,nan,4.722665474e-01,6.039046513e-01,2.357581558e-01,2.873212850e-01,1.233602446e-01,2.626657864e-01,5.640951723e-01,9.616907223e-06,4.334487914e-01,9.178054084e-01
47,9,512,seed47_p09,E:\Desktop\AnewOmni\4.5hypothesis\experiments\10_lambda_frame_particle_sweep\results\002_20260720T200720_834951Z_seed45-46-47\conditions\seed47_p09\runs\001_20260721T000115_828631Z_seed47,0,66,per_particle_du,du,250;344;273;10,0.778909317;0.221090683;0.000000000;0.000000000|0.000000000;0.000000000;0.414213433;0.585786567|0.000000000;0.279603811;0.720396189;0.000000000|0.751602341;0.118748000;0.000000000;0.129649660|0.662816744;0.000000000;0.337183256;0.000000000|0.000000000;0.752193539;0.106986685;0.140819776|0.599665498;0.271867493;0.128467009;0.000000000|0.000000000;0.000000000;0.035972797;0.964027203|0.525388011;0.000000000;0.027413618;0.447198371,3.822946429e-01,3.687016426e-01,3.822946429e-01,3.687016426e-01,3.808346207e-01,5.176376884e-01,5.217538486e-01,nan,nan,3.557108753e-01,3.589465951e-01,1.007951817e+00,6.846402975e-01,nan,4.722665474e-01,7.620846312e-01,3.687016426e-01,3.853728774e-01,2.460349770e-01,1.524306040e-01,3.808346207e-01,1.348330888e-05,3.545672627e-01,7.507778492e-01
47,10,512,seed47_p10,E:\Desktop\AnewOmni\4.5hypothesis\experiments\10_lambda_frame_particle_sweep\results\002_20260720T200720_834951Z_seed45-46-47\conditions\seed47_p10\runs\001_20260721T000115_432172Z_seed47,0,66,shared_d1,d1,258;468;470;284,0.444554883;0.252227894;0.074793963;0.228423259,3.383799786e-01,3.383799786e-01,6.303842334e-01,6.303842334e-01,6.304781731e-01,4.506670278e-01,5.221594656e-01,nan,nan,3.383799786e-01,3.883961839e-01,1.158636939e+00,6.118428639e-01,nan,4.566896722e-01,8.534208642e-01,3.383799786e-01,3.931450221e-01,2.955497495e-01,3.015777987e-01,6.304781731e-01,1.279280038e-05,3.708031659e-01,8.119368325e-01
47,10,512,seed47_p10,E:\Desktop\AnewOmni\4.5hypothesis\experiments\10_lambda_frame_particle_sweep\results\002_20260720T200720_834951Z_seed45-46-47\conditions\seed47_p10\runs\001_20260721T000115_432172Z_seed47,0,66,shared_du,du,258;468;470;284,0.330234206;0.290581952;0.000000000;0.379183842,6.128797551e-01,3.513593794e-01,6.128797551e-01,3.513593794e-01,6.129636017e-01,4.700744485e-01,5.331015765e-01,nan,nan,3.513593794e-01,3.963124847e-01,1.134079034e+00,6.118428639e-01,nan,4.566896722e-01,8.713047222e-01,3.513593794e-01,4.194904912e-01,3.072963584e-01,3.027051253e-01,6.129636017e-01,1.217591050e-05,3.715605298e-01,8.135952102e-01
47,10,512,seed47_p10,E:\Desktop\AnewOmni\4.5hypothesis\experiments\10_lambda_frame_particle_sweep\results\002_20260720T200720_834951Z_seed45-46-47\conditions\seed47_p10\runs\001_20260721T000115_432172Z_seed47,0,66,per_particle_d1,d1,258;468;470;284,0.000000000;0.000000000;0.131693713;0.868306287|0.386836528;0.029121775;0.419189487;0.164852210|0.687949772;0.293942755;0.018107472;0.000000000|0.202756774;0.000000000;0.007106137;0.790137089|0.000000000;1.000000000;0.000000000;0.000000000|0.369986866;0.302640496;0.000000000;0.327372638|1.000000000;0.000000000;0.000000000;0.000000000|0.572726380;0.381568556;0.000000000;0.045705064|0.550996134;0.449003866;0.000000000;0.000000000|0.000000000;1.000000000;0.000000000;0.000000000,1.660817387e-01,1.660817387e-01,5.332632214e-01,5.332632214e-01,5.329360261e-01,2.234189712e-01,3.288304695e-01,nan,nan,1.660817387e-01,2.449208354e-01,1.471810866e+00,6.118428639e-01,nan,4.566896722e-01,5.374426817e-01,1.660817387e-01,2.487599921e-01,2.001196927e-01,3.664124215e-01,5.329360261e-01,2.032244903e-05,3.729365895e-01,8.166083277e-01
47,10,512,seed47_p10,E:\Desktop\AnewOmni\4.5hypothesis\experiments\10_lambda_frame_particle_sweep\results\002_20260720T200720_834951Z_seed45-46-47\conditions\seed47_p10\runs\001_20260721T000115_432172Z_seed47,0,66,per_particle_du,du,258;468;470;284,0.321731885;0.000000000;0.127688685;0.550579430|0.000000000;0.065079752;0.644666908;0.290253340|0.601145954;0.398854046;0.000000000;0.000000000|0.570954073;0.000000000;0.000000000;0.429045927|0.000000000;1.000000000;0.000000000;0.000000000|0.292528824;0.395579708;0.000000000;0.311891468|0.913372269;0.065252214;0.000000000;0.021375517|0.293776774;0.174936186;0.000000000;0.531287040|0.343811955;0.656188045;0.000000000;0.000000000|0.000000000;0.798040120;0.201959880;0.000000000,4.272824632e-01,2.772081166e-01,4.272824632e-01,2.772081166e-01,4.275759411e-01,3.719510270e-01,3.603529549e-01,nan,nan,2.772081166e-01,2.707050417e-01,9.688182817e-01,6.118428639e-01,nan,4.566896722e-01,5.889632391e-01,2.772081166e-01,2.707050417e-01,2.046996658e-01,2.546066660e-01,4.275759411e-01,2.032244903e-05,4.355737784e-01,9.537631459e-01
