layout,seed,trial,trial_kind,method,source_ids,lambda,independent_control_nondegenerate,clean_target_rmse,clean_target_relative_rmse,noisy_target_rmse,jitter_error_floor,centroid_rmse,centered_shape_rmse,per_particle_rmse,mean_particle_rmse,max_particle_rmse,terminal_commutation_gap,terminal_commutation_relative,max_replay_residual,template_coherence_error,nearest_memory_source
slot,101,0,random,shared,57;79;139;19,0.120492461;0.711688758;0.012182386;0.155636394,1,7.529592442e-01,3.416888454e-01,7.461503440e-01,3.102527714e-02,7.506627196e-01,5.876312383e-02,7.784399981e-01;7.155134592e-01;7.422362962e-01;7.932318328e-01;7.323652274e-01;7.848974836e-01;7.297599652e-01;7.433361911e-01,7.524725567e-01,7.932318328e-01,6.184034611e-02,7.117993738e-02,5.588378964e-09,5.502351724e-02,2.643812869e-03
slot,101,0,random,independent,57;79;139;19,0.120492461;0.711688758;0.012182386;0.155636394,1,1.280020042e+00,5.808661939e-01,1.275871143e+00,3.102527714e-02,7.667094775e-01,1.024991651e+00,7.784399981e-01;1.598215707e+00;1.043094086e+00;1.380627744e+00;7.323652274e-01;1.391958654e+00;1.506178721e+00;1.486838220e+00,1.239714795e+00,1.598215707e+00,,,1.180115459e-08,1.025790588e+00,6.584332497e+00
slot,101,1,random,shared,133;218;82;217,0.242686784;0.447698647;0.055187772;0.254426797,1,5.683765578e-01,2.579262175e-01,5.835303292e-01,3.319569688e-02,4.960976199e-01,2.773789158e-01,5.724702375e-01;5.660078485e-01;5.889199195e-01;5.879883613e-01;5.546624732e-01;5.615878384e-01;6.039259619e-01;5.059775910e-01,5.676925289e-01,6.039259619e-01,8.483494841e-02,9.764735637e-02,4.876945145e-09,2.830180763e-01,1.971450978e+00
slot,101,1,random,independent,133;218;82;217,0.242686784;0.447698647;0.055187772;0.254426797,1,7.072992638e-01,3.209685925e-01,7.203003810e-01,3.319569688e-02,3.839261283e-01,5.940311242e-01,5.724702375e-01;7.370316433e-01;6.753278724e-01;7.860969554e-01;5.546624732e-01;7.861539750e-01;7.082025397e-01;7.937157205e-01,7.017076771e-01,7.937157205e-01,,,4.708945078e-09,5.951172450e-01,3.706960256e+00
slot,101,2,random,shared,155;149;168;179,0.364469335;0.012573871;0.061938028;0.561018766,1,3.944720361e-01,1.790092832e-01,4.149582776e-01,4.408004753e-02,2.599712357e-01,2.966869459e-01,2.513172753e-01;2.791141659e-01;4.764485835e-01;2.719203804e-01;4.913385422e-01;2.498112853e-01;5.064261032e-01;4.925137787e-01,3.773612643e-01,5.064261032e-01,1.311811726e-01,1.509931338e-01,5.561714427e-09,3.005137275e-01,2.390795910e+00
slot,101,2,random,independent,155;149;168;179,0.364469335;0.012573871;0.061938028;0.561018766,1,1.079482878e+00,4.898635100e-01,1.068469479e+00,4.408004753e-02,8.508807453e-01,6.642930387e-01,2.513172753e-01;9.822712545e-01;1.471606535e+00;1.125394601e+00;4.913385422e-01;1.013057589e+00;1.540414489e+00;1.105230401e+00,9.975788359e-01,1.540414489e+00,,,5.107243660e-09,6.655008666e-01,4.293510481e+00
slot,101,3,random,shared,188;0;121;136,0.076824893;0.288342517;0.382710388;0.252122203,1,3.759252024e-01,1.705928300e-01,3.790488587e-01,4.225544922e-02,3.717684027e-01,5.574955182e-02,3.379341879e-01;3.484129365e-01;3.719968990e-01;3.799564787e-01;4.181701671e-01;4.076620490e-01;3.614618796e-01;3.748453399e-01,3.750549922e-01,4.181701671e-01,1.664891474e-01,1.916335828e-01,5.680345123e-09,5.201991261e-02,2.492094492e-03
slot,101,3,random,independent,188;0;121;136,0.076824893;0.288342517;0.382710388;0.252122203,1,1.236871041e+00,5.612854098e-01,1.245602202e+00,4.225544922e-02,1.025484264e+00,6.915431994e-01,3.379341879e-01;1.371376499e+00;1.613229469e+00;1.203290418e+00;4.181701671e-01;1.350576175e+00;1.550522407e+00;1.338083549e+00,1.147897859e+00,1.613229469e+00,,,5.147761342e-09,6.940637121e-01,4.847561270e+00
slot,101,4,random,shared,78;77;220;28,0.456648179;0.392559454;0.017024295;0.133768071,1,3.291526813e-01,1.493677121e-01,3.242144565e-01,3.700816803e-02,3.264079233e-01,4.241880710e-02,3.293057711e-01;3.236511516e-01;3.144836396e-01;3.048586097e-01;3.180988488e-01;3.258017417e-01;3.513382292e-01;3.618405816e-01,3.286723217e-01,3.618405816e-01,9.671563313e-02,1.113223509e-01,6.226901259e-09,5.217244965e-02,4.684213471e-03
slot,101,4,random,independent,78;77;220;28,0.456648179;0.392559454;0.017024295;0.133768071,1,1.325531741e+00,6.015191574e-01,1.327148648e+00,3.700816803e-02,9.826763617e-01,8.895962930e-01,3.293057711e-01;1.598920740e+00;1.813302405e+00;1.115683174e+00;3.180988488e-01;1.570720225e+00;1.809940685e+00;1.007093145e+00,1.195383124e+00,1.813302405e+00,,,4.917630790e-09,8.925119563e-01,5.660188374e+00
slot,101,5,random,shared,1;14;199;235,0.005852973;0.129579795;0.003701220;0.860866012,1,4.024379898e-01,1.826241900e-01,4.045461206e-01,2.622926776e-02,4.023604766e-01,7.898258255e-03,3.948156657e-01;4.029367283e-01;4.091277053e-01;4.054593918e-01;4.034757066e-01;3.957401449e-01;3.980232559e-01;4.096401472e-01,4.024023432e-01,4.096401472e-01,7.563728687e-02,8.706059525e-02,6.627149989e-09,3.906712357e-02,5.254865737e-03
slot,101,5,random,independent,1;14;199;235,0.005852973;0.129579795;0.003701220;0.860866012,1,2.056847985e+00,9.333865261e-01,2.058621774e+00,2.622926776e-02,1.426536740e+00,1.481761305e+00,3.948156657e-01;2.564096781e+00;2.602073683e+00;1.845543810e+00;4.034757066e-01;2.601123602e+00;2.530401635e+00;1.898981009e+00,1.855063987e+00,2.602073683e+00,,,5.238207508e-09,1.485762851e+00,8.810250091e+00
slot,101,6,random,shared,124;250;216;9,0.398962587;0.183314414;0.363646016;0.054076983,1,4.845652016e-01,2.198930759e-01,4.876218502e-01,4.308658827e-02,4.810071334e-01,5.861375439e-02,5.532372472e-01;4.629723016e-01;4.826408936e-01;4.291461678e-01;5.329885718e-01;5.051835334e-01;4.642236893e-01;4.314083379e-01,4.827250928e-01,5.532372472e-01,1.763205726e-01,2.029498233e-01,5.284391021e-09,4.243050259e-02,3.213738842e-03
slot,101,6,random,independent,124;250;216;9,0.398962587;0.183314414;0.363646016;0.054076983,1,8.529067376e-01,3.870444790e-01,8.534295350e-01,4.308658827e-02,7.164157422e-01,4.628157164e-01,5.532372472e-01;9.414834008e-01;4.826408936e-01;1.174057420e+00;5.329885718e-01;1.073370453e+00;4.642236893e-01;1.167937987e+00,7.987424578e-01,1.174057420e+00,,,5.716796611e-09,4.629365600e-01,3.331381120e+00
slot,101,7,random,shared,103;10;173;52,0.115693515;0.157282034;0.653761729;0.073262722,1,6.719615085e-01,3.049325097e-01,6.739779776e-01,3.686477882e-02,6.701903717e-01,4.875586846e-02,6.866491327e-01;6.652675231e-01;6.587850852e-01;6.808901237e-01;6.886682045e-01;6.893861134e-01;6.730374145e-01;6.309394769e-01,6.717028842e-01,6.893861134e-01,1.236024880e-01,1.422698595e-01,4.742798630e-09,4.960479900e-02,2.217829174e-03
slot,101,7,random,independent,103;10;173;52,0.115693515;0.157282034;0.653761729;0.073262722,1,1.644151812e+00,7.461072279e-01,1.646002447e+00,3.686477882e-02,1.334883131e+00,9.598553054e-01,6.866491327e-01;1.636617553e+00;1.499652243e+00;2.318336348e+00;6.886682045e-01;1.630295514e+00;1.652713877e+00;2.233527841e+00,1.543307589e+00,2.318336348e+00,,,5.820075405e-09,9.509816503e-01,6.099978193e+00
slot,101,8,random,shared,2;47;5;229,0.324769539;0.126796454;0.324030738;0.224403269,1,5.097451573e-01,2.313196041e-01,5.131941582e-01,4.403476121e-02,4.470405945e-01,2.449384254e-01,5.350608232e-01;5.257173420e-01;4.711081242e-01;5.743350960e-01;4.934625016e-01;5.143241532e-01;5.012474057e-01;4.527305940e-01,5.084982550e-01,5.743350960e-01,1.275477546e-01,1.468109698e-01,6.473266636e-09,2.355652243e-01,1.475678548e+00
slot,101,8,random,independent,2;47;5;229,0.324769539;0.126796454;0.324030738;0.224403269,1,5.592394049e-01,2.537798268e-01,5.525718180e-01,4.403476121e-02,2.757070727e-01,4.865535141e-01,5.350608232e-01;1.597512718e-01;4.962948344e-01;7.720676573e-01;4.934625016e-01;3.607421212e-01;6.362272381e-01;7.545574172e-01,5.260204831e-01,7.720676573e-01,,,4.967080063e-09,4.951879955e-01,3.271323043e+00
slot,101,9,random,shared,83;65;217;79,0.047669969;0.189525026;0.148399061;0.614405944,1,5.353989965e-01,2.429611780e-01,5.383657824e-01,3.676607775e-02,5.321171631e-01,5.918961217e-02,5.321764882e-01;5.019103625e-01;5.662221379e-01;5.824245949e-01;5.043388088e-01;5.653555019e-01;5.201420410e-01;5.037188886e-01,5.345361030e-01,5.824245949e-01,8.731285865e-02,1.004994991e-01,4.873340535e-09,5.502351724e-02,2.643812869e-03
slot,101,9,random,independent,83;65;217;79,0.047669969;0.189525026;0.148399061;0.614405944,1,9.062179495e-01,4.112368196e-01,9.090415290e-01,3.676607775e-02,4.950801200e-01,7.590300697e-01,5.321764882e-01;1.067065768e+00;1.262521143e+00;6.046360945e-01;5.043388088e-01;1.000257251e+00;1.245860192e+00;6.175939981e-01,8.543062179e-01,1.262521143e+00,,,5.557630878e-09,7.604809811e-01,5.497627138e+00
slot,101,10,random,shared,32;61;75;89,0.094966494;0.511842663;0.262286957;0.130903886,1,4.442699174e-01,2.016072932e-01,4.592417504e-01,3.952345608e-02,4.412458756e-01,5.174781884e-02,4.202349004e-01;4.724275610e-01;4.370987894e-01;4.195407791e-01;4.575880401e-01;4.659644195e-01;4.510254805e-01;4.268693576e-01,4.438436659e-01,4.724275610e-01,9.395906945e-02,1.081494704e-01,5.446932062e-09,4.084883124e-02,2.192069780e-03
slot,101,10,random,independent,32;61;75;89,0.094966494;0.511842663;0.262286957;0.130903886,1,1.183702260e+00,5.371577034e-01,1.197517332e+00,3.952345608e-02,9.386331698e-01,7.211926317e-01,4.202349004e-01;1.763583542e+00;6.780769845e-01;1.367683377e+00;4.575880401e-01;1.764176267e+00;6.610121826e-01;1.354029541e+00,1.058298104e+00,1.764176267e+00,,,6.170527482e-09,7.195887821e-01,4.861822907e+00
slot,101,11,random,shared,70;155;106;215,0.415788428;0.087104167;0.409714118;0.087393287,1,5.877788913e-01,2.667308919e-01,6.060961249e-01,3.624155860e-02,5.265767955e-01,2.611530271e-01,5.122376125e-01;5.585057297e-01;6.873973085e-01;6.233596079e-01;6.551649415e-01;5.380006299e-01;5.655267440e-01;5.384771507e-01,5.848337156e-01,6.873973085e-01,8.152913447e-02,9.384227371e-02,5.637739186e-09,2.676664822e-01,1.924222202e+00
slot,101,11,random,independent,70;155;106;215,0.415788428;0.087104167;0.409714118;0.087393287,1,7.964419086e-01,3.614210441e-01,8.097996155e-01,3.624155860e-02,6.025000137e-01,5.208775742e-01,5.122376125e-01;9.167922724e-01;7.700572558e-01;9.180572386e-01;6.551649415e-01;9.065316439e-01;7.021649447e-01;8.898138375e-01,7.838524684e-01,9.180572386e-01,,,4.518438046e-09,5.228693228e-01,3.378106798e+00
slot,101,12,random,shared,32;46;18;237,0.054887666;0.100034972;0.386935905;0.458141457,1,4.855353344e-01,2.203333170e-01,4.789318136e-01,3.590456267e-02,2.633051635e-01,4.079398876e-01,3.633828023e-01;3.143292551e-01;9.836312671e-01;3.907333991e-01;3.938991806e-01;3.660991525e-01;3.875981152e-01;3.090081465e-01,4.385851648e-01,9.836312671e-01,1.713579505e-01,1.972377089e-01,6.651197916e-09,4.102542798e-01,2.472449107e+00
slot,101,12,random,independent,32;46;18;237,0.054887666;0.100034972;0.386935905;0.458141457,1,1.444740695e+00,6.556155380e-01,1.445138328e+00,3.590456267e-02,1.075382645e+00,9.647941965e-01,3.633828023e-01;1.580343439e+00;1.717156174e+00;1.805366935e+00;3.938991806e-01;1.255936474e+00;1.671038555e+00;1.826415894e+00,1.326692432e+00,1.826415894e+00,,,5.055826139e-09,9.617678876e-01,5.843705215e+00
slot,101,13,random,shared,42;141;247;173,0.310765199;0.045155331;0.432024414;0.212055056,1,4.973446540e-01,2.256923225e-01,4.915946701e-01,3.498601729e-02,3.856347169e-01,3.140661873e-01,4.314021384e-01;4.397786909e-01;4.245155519e-01;4.382191086e-01;4.871429555e-01;4.216628022e-01;4.641622514e-01;7.723320028e-01,4.849019377e-01,7.723320028e-01,7.643723601e-02,8.798135868e-02,4.967147573e-09,3.072260875e-01,1.908650187e+00
slot,101,13,random,independent,42;141;247;173,0.310765199;0.045155331;0.432024414;0.212055056,1,1.086941760e+00,4.932483103e-01,1.082006048e+00,3.498601729e-02,8.148026086e-01,7.194019030e-01,4.314021384e-01;1.464556573e+00;9.396981335e-01;1.082325360e+00;4.871429555e-01;1.561937426e+00;1.130946778e+00;1.053587769e+00,1.018949642e+00,1.561937426e+00,,,5.728563780e-09,7.252009865e-01,4.761752845e+00
slot,101,14,random,shared,38;215;235;4,0.257711988;0.335047771;0.113723251;0.293516990,1,7.783161309e-01,3.531956639e-01,7.715220307e-01,5.118908545e-02,7.157215081e-01,3.058083098e-01,7.297946369e-01;7.489753714e-01;7.676727259e-01;7.790340949e-01;7.045813060e-01;7.883120227e-01;9.677615788e-01;7.085160598e-01,7.743309746e-01,9.677615788e-01,9.963252846e-02,1.146797776e-01,5.565258537e-09,2.981274367e-01,1.821853694e+00
slot,101,14,random,independent,38;215;235;4,0.257711988;0.335047771;0.113723251;0.293516990,1,9.523176882e-01,4.321566325e-01,9.580846770e-01,5.118908545e-02,8.716342127e-01,3.836180113e-01,7.297946369e-01;1.090591322e+00;1.055335656e+00;7.790340949e-01;7.045813060e-01;1.090324984e+00;1.096893407e+00;9.613720348e-01,9.384909302e-01,1.096893407e+00,,,5.000627179e-09,3.893086192e-01,2.889175546e+00
slot,101,15,random,shared,59;252;130;118,0.008738091;0.393852196;0.030630211;0.566779501,1,8.819250687e-01,4.002128413e-01,8.789344868e-01,3.908138173e-02,7.599172308e-01,4.475685747e-01,9.257410692e-01;7.965018412e-01;9.476086792e-01;9.554192115e-01;8.435098489e-01;9.455122732e-01;8.224277457e-01;7.989024375e-01,8.794528883e-01,9.554192115e-01,1.099394085e-01,1.265432797e-01,7.106602265e-09,4.494929629e-01,3.531442637e+00
slot,101,15,random,independent,59;252;130;118,0.008738091;0.393852196;0.030630211;0.566779501,1,1.169590076e+00,5.307536704e-01,1.171624394e+00,3.908138173e-02,9.087465235e-01,7.362884632e-01,9.257410692e-01;1.542722973e+00;8.312100406e-01;1.385839714e+00;8.435098489e-01;1.099208646e+00;8.224277457e-01;1.580796985e+00,1.128932128e+00,1.580796985e+00,,,7.106602265e-09,7.338862644e-01,4.605450492e+00
slot,103,0,random,shared,253;162;70;252,0.122048016;0.024458830;0.619187339;0.234305815,1,3.196661290e-01,1.435568588e-01,3.160917288e-01,4.118494275e-02,3.148298518e-01,5.539493168e-02,3.635659203e-01;3.251957478e-01;3.001353182e-01;2.758460540e-01;3.281492415e-01;3.060970999e-01;3.608104091e-01;2.860511388e-01,3.182313662e-01,3.635659203e-01,1.191828184e-01,1.034585714e-01,3.860001096e-09,4.679336791e-02,1.198275723e-03
slot,103,0,random,independent,253;162;70;252,0.122048016;0.024458830;0.619187339;0.234305815,1,1.150846495e+00,5.168264410e-01,1.145981359e+00,4.118494275e-02,7.481391293e-01,8.744915656e-01,3.635659203e-01;1.738307596e+00;9.837125021e-01;1.307067405e+00;3.281492415e-01;1.673858370e+00;9.977962484e-01;9.276266254e-01,1.040010489e+00,1.738307596e+00,,,6.934913950e-09,8.731391178e-01,5.251356943e+00
slot,103,1,random,shared,67;121;101;128,0.187176076;0.155068254;0.056330576;0.601425094,1,3.400390634e-01,1.527060122e-01,3.429135750e-01,4.206051471e-02,3.345436205e-01,6.088621030e-02,3.592315670e-01;3.193887415e-01;3.153953232e-01;3.581791266e-01;3.782127313e-01;3.188626423e-01;3.735560358e-01;2.862292209e-01,3.386319236e-01,3.782127313e-01,1.315479955e-01,1.141923631e-01,4.692504267e-09,4.159108632e-02,2.697546285e-03
slot,103,1,random,independent,67;121;101;128,0.187176076;0.155068254;0.056330576;0.601425094,1,8.872833286e-01,3.984645101e-01,8.812927761e-01,4.206051471e-02,6.555894401e-01,5.978914544e-01,3.592315670e-01;9.422536070e-01;1.246749524e+00;7.928224501e-01;3.782127313e-01;9.238901514e-01;1.261639274e+00;7.141296163e-01,8.273661152e-01,1.261639274e+00,,,5.282050636e-09,6.062203311e-01,4.095550312e+00
slot,103,2,random,shared,137;143;156;37,0.063846979;0.637844664;0.009279875;0.289028482,1,6.594363387e-01,2.961421332e-01,6.622905502e-01,3.999420190e-02,5.064902842e-01,4.222841185e-01,6.177467692e-01;9.081311719e-01;7.277260755e-01;6.477232465e-01;4.808819182e-01;5.354931767e-01;5.424161154e-01;7.149760368e-01,6.468868138e-01,9.081311719e-01,9.021532473e-02,7.831287040e-02,6.285048706e-09,4.266420179e-01,4.080571252e+00
slot,103,2,random,independent,137;143;156;37,0.063846979;0.637844664;0.009279875;0.289028482,1,1.458196896e+00,6.548525066e-01,1.463934514e+00,3.999420190e-02,1.210808660e+00,8.125765039e-01,6.177467692e-01;2.219289282e+00;1.278816960e+00;1.264615567e+00;4.808819182e-01;2.216033336e+00;1.283498993e+00;1.296072269e+00,1.332119387e+00,2.219289282e+00,,,6.285048706e-09,8.065937041e-01,4.633747211e+00
slot,103,3,random,shared,218;187;54;140,0.167330074;0.307508015;0.090702820;0.434459091,1,5.134715380e-01,2.305917155e-01,5.247686537e-01,4.231660970e-02,3.986131719e-01,3.236673593e-01,5.507484646e-01;5.235038688e-01;5.235811613e-01;4.945549675e-01;5.152093072e-01;4.826642916e-01;5.497369126e-01;4.609837532e-01,5.126228408e-01,5.507484646e-01,1.009889655e-01,8.766510337e-02,3.400862151e-09,3.282995990e-01,2.158182041e+00
slot,103,3,random,independent,218;187;54;140,0.167330074;0.307508015;0.090702820;0.434459091,1,9.691298796e-01,4.352204648e-01,9.758958722e-01,4.231660970e-02,6.643670421e-01,7.055700936e-01,5.507484646e-01;1.215564788e+00;7.869426537e-01;1.169077016e+00;5.152093072e-01;1.213131599e+00;7.705863613e-01;1.189885753e+00,9.263932429e-01,1.215564788e+00,,,4.128533739e-09,7.106218048e-01,4.570476221e+00
slot,103,4,random,shared,64;200;82;131,0.009021708;0.260125653;0.446062916;0.284789723,1,7.379166015e-01,3.313863426e-01,7.214493190e-01,3.902265413e-02,4.550755099e-01,5.808848346e-01,8.228612867e-01;5.325532352e-01;4.983460794e-01;4.888546055e-01;8.738896148e-01;8.534235402e-01;8.731647593e-01;8.085137639e-01,7.189508606e-01,8.738896148e-01,7.775499066e-02,6.749647606e-02,5.492837048e-09,5.871683321e-01,4.297132381e+00
slot,103,4,random,independent,64;200;82;131,0.009021708;0.260125653;0.446062916;0.284789723,1,9.402091447e-01,4.222326332e-01,9.497479820e-01,3.902265413e-02,6.493991266e-01,6.799073541e-01,8.228612867e-01;9.412220095e-01;9.908264211e-01;1.085997907e+00;8.738896148e-01;5.042663140e-01;1.025200806e+00;1.130846408e+00,9.218888460e-01,1.130846408e+00,,,7.362490110e-09,6.783379335e-01,5.172663886e+00
slot,103,5,random,shared,125;98;153;231,0.018588171;0.043507234;0.212760687;0.725143909,1,3.543257910e-01,1.591219492e-01,3.595521822e-01,2.648271273e-02,2.745561720e-01,2.239769510e-01,3.906208268e-01;3.918619815e-01;2.184270275e-01;3.811007840e-01;3.927804307e-01;3.994478373e-01;2.069939231e-01;3.854918764e-01,3.458405859e-01,3.994478373e-01,1.294396907e-01,1.123622151e-01,5.131407043e-09,2.350172538e-01,1.465235682e+00
slot,103,5,random,independent,125;98;153;231,0.018588171;0.043507234;0.212760687;0.725143909,1,1.453484025e+00,6.527360331e-01,1.449640071e+00,2.648271273e-02,9.376164152e-01,1.110626521e+00,3.906208268e-01;1.447115370e+00;2.234794372e+00;8.952892548e-01;3.927804307e-01;1.419121485e+00;2.212689968e+00;1.339466717e+00,1.291484803e+00,2.234794372e+00,,,7.066020907e-09,1.113627094e+00,6.967990144e+00
slot,103,6,random,shared,18;95;153;205,0.360116040;0.032500561;0.383125462;0.224257938,1,4.040678841e-01,1.814603141e-01,4.074849950e-01,3.394051766e-02,4.005687225e-01,5.306179011e-02,4.035044614e-01;4.158613577e-01;4.118153692e-01;4.604711051e-01;3.974819581e-01;3.877093157e-01;3.417495473e-01;4.045758399e-01,4.028961193e-01,4.604711051e-01,6.140720886e-02,5.330551991e-02,5.018516878e-09,4.141059550e-02,2.236701467e-03
slot,103,6,random,independent,18;95;153;205,0.360116040;0.032500561;0.383125462;0.224257938,1,6.231603146e-01,2.798511608e-01,6.290338725e-01,3.394051766e-02,4.011975024e-01,4.768326140e-01,4.035044614e-01;8.233293919e-01;4.118153692e-01;6.700930730e-01;3.974819581e-01;9.153119850e-01;3.417495473e-01;7.312631326e-01,5.868186148e-01,9.153119850e-01,,,5.018516878e-09,4.795888056e-01,3.437250013e+00
slot,103,7,random,shared,111;213;88;55,0.609505717;0.240834955;0.116010400;0.033648928,1,6.887427645e-01,3.093031723e-01,6.923057383e-01,3.750254218e-02,5.303942371e-01,4.393729042e-01,6.597994205e-01;6.681729585e-01;6.967575763e-01;6.517499770e-01;6.977110462e-01;7.358524676e-01;7.085334215e-01;6.874547749e-01,6.882539553e-01,7.358524676e-01,6.180837794e-02,5.365376122e-02,3.818448773e-09,4.434500510e-01,3.195190155e+00
slot,103,7,random,independent,111;213;88;55,0.609505717;0.240834955;0.116010400;0.033648928,1,1.002152214e+00,4.500502583e-01,1.017244341e+00,3.750254218e-02,6.748794762e-01,7.408419220e-01,6.597994205e-01;8.361130200e-01;1.494346726e+00;7.739786731e-01;6.977110462e-01;8.670186617e-01;1.499557870e+00;7.620638008e-01,9.488236523e-01,1.499557870e+00,,,4.671279450e-09,7.430844524e-01,4.955229806e+00
slot,103,8,random,shared,255;163;95;129,0.138922481;0.648519806;0.132564729;0.079992984,1,8.708512357e-01,3.910851245e-01,8.718142789e-01,3.560782551e-02,8.694146776e-01,4.999993042e-02,8.792037553e-01;8.873892993e-01;8.728086112e-01;8.482256632e-01;8.578975164e-01;8.768673852e-01;8.614857730e-01;8.821972804e-01,8.707594105e-01,8.873892993e-01,7.737132089e-02,6.716342533e-02,8.613644612e-09,4.054900144e-02,3.608592387e-03
slot,103,8,random,independent,255;163;95;129,0.138922481;0.648519806;0.132564729;0.079992984,1,1.632964439e+00,7.333377672e-01,1.631814016e+00,3.560782551e-02,1.294734114e+00,9.951062416e-01,8.792037553e-01;2.161258336e+00;1.990936075e+00;1.063230198e+00;8.578975164e-01;2.170512085e+00;2.009951872e+00;1.143347595e+00,1.534542179e+00,2.170512085e+00,,,4.931302513e-09,9.880451881e-01,6.098341380e+00
slot,103,9,random,shared,171;207;101;156,0.035282754;0.639327305;0.126539960;0.198849981,1,4.061586974e-01,1.823992643e-01,4.161030532e-01,3.175804428e-02,4.020728418e-01,5.746579274e-02,3.906825306e-01;3.797650205e-01;3.230130940e-01;3.857513643e-01;4.274327773e-01;4.553741292e-01;4.098974812e-01;4.600466209e-01,4.039953773e-01,4.600466209e-01,1.336184708e-01,1.159896727e-01,3.463439997e-09,5.697526060e-02,1.319563779e-03
slot,103,9,random,independent,171;207;101;156,0.035282754;0.639327305;0.126539960;0.198849981,1,1.466919073e+00,6.587694945e-01,1.472572858e+00,3.175804428e-02,1.183191281e+00,8.671274184e-01,3.906825306e-01;1.743729083e+00;1.678920282e+00;1.626562612e+00;4.274327773e-01;1.712788780e+00;1.644664874e+00;1.654038271e+00,1.359852401e+00,1.743729083e+00,,,5.603179682e-09,8.660823645e-01,5.122747120e+00
slot,103,10,random,shared,25;86;160;203,0.146710811;0.118950937;0.531619234;0.202719018,1,6.548932168e-01,2.941018911e-01,6.633229287e-01,4.132907946e-02,5.335276466e-01,3.797806944e-01,6.788993711e-01;6.049834539e-01;6.991452565e-01;6.229147799e-01;6.016662261e-01;7.174416169e-01;6.839869166e-01;6.186937304e-01,6.534664189e-01,7.174416169e-01,6.231027821e-02,5.408944386e-02,5.175624938e-09,3.779387992e-01,2.768443994e+00
slot,103,10,random,independent,25;86;160;203,0.146710811;0.118950937;0.531619234;0.202719018,1,1.200190139e+00,5.389858688e-01,1.216397115e+00,4.132907946e-02,9.969593820e-01,6.682277753e-01,6.788993711e-01;1.158499733e+00;1.145714234e+00;1.644492482e+00;6.016662261e-01;1.151407249e+00;1.143697009e+00;1.645546897e+00,1.146240400e+00,1.645546897e+00,,,4.041252279e-09,6.607754984e-01,4.628005075e+00
slot,103,11,random,shared,181;56;105;66,0.330170624;0.111828764;0.067663618;0.490336994,1,4.028729221e-01,1.809236761e-01,3.979835889e-01,4.462049552e-02,4.015260446e-01,3.291545024e-02,4.024806563e-01;3.761034066e-01;4.169536239e-01;3.976632805e-01;4.176187240e-01;4.091286362e-01;4.137955648e-01;3.873028033e-01,4.026308369e-01,4.176187240e-01,1.225755226e-01,1.064036631e-01,3.286701251e-09,5.047727687e-02,1.519533143e-03
slot,103,11,random,independent,181;56;105;66,0.330170624;0.111828764;0.067663618;0.490336994,1,6.694339282e-01,3.006318880e-01,6.649134187e-01,4.462049552e-02,4.230538485e-01,5.188132858e-01,4.024806563e-01;4.644162700e-01;4.169536239e-01;7.121794170e-01;4.176187240e-01;4.091616248e-01;1.316547572e+00;6.717850351e-01,6.013928654e-01,1.316547572e+00,,,4.189726396e-09,5.092454264e-01,3.172053680e+00
slot,103,12,random,shared,162;150;220;143,0.545084165;0.273881841;0.115722504;0.065311490,1,4.279250064e-01,1.921741597e-01,4.231268340e-01,3.877343467e-02,4.218508453e-01,7.184480140e-02,3.733608283e-01;4.511775100e-01;4.343105176e-01;4.629766781e-01;4.419574320e-01;4.113435492e-01;4.055066072e-01;4.359592981e-01,4.270740526e-01,4.629766781e-01,9.094636240e-02,7.894745946e-02,5.492837048e-09,5.199307543e-02,2.261266437e-03
slot,103,12,random,independent,162;150;220;143,0.545084165;0.273881841;0.115722504;0.065311490,1,9.865029597e-01,4.430224325e-01,9.981668829e-01,3.877343467e-02,7.110203865e-01,6.838406975e-01,3.733608283e-01;1.045402533e+00;1.571895174e+00;4.629766781e-01;4.419574320e-01;1.043261104e+00;1.547338844e+00;4.359592981e-01,8.652689864e-01,1.571895174e+00,,,5.492837048e-09,6.795261207e-01,4.747923084e+00
slot,103,13,random,shared,80;17;39;245,0.681669145;0.007157038;0.276756427;0.034417391,1,4.664427044e-01,2.094718313e-01,4.659418722e-01,3.378411387e-02,4.346531562e-01,1.692496094e-01,1.622077363e-01;2.411497937e-01;5.548081056e-01;5.474837660e-01;3.768699459e-01;5.486655312e-01;5.738302718e-01;5.255371431e-01,4.413190367e-01,5.738302718e-01,2.721408558e-02,2.362362674e-02,7.437391131e-09,1.861744308e-01,1.240470989e+00
slot,103,13,random,independent,80;17;39;245,0.681669145;0.007157038;0.276756427;0.034417391,1,8.854437125e-01,3.976383685e-01,8.852533002e-01,3.378411387e-02,5.168875096e-01,7.189143693e-01,1.622077363e-01;7.872832956e-01;9.511868104e-01;8.210745033e-01;3.768699459e-01;7.685712896e-01;9.629532781e-01;1.545000556e+00,7.968934269e-01,1.545000556e+00,,,6.219885934e-09,7.297874849e-01,4.194589869e+00
slot,103,14,random,shared,139;143;36;169,0.167589327;0.241989237;0.507915978;0.082505459,1,3.396199511e-01,1.525177957e-01,3.410935663e-01,4.863285674e-02,3.359069807e-01,5.008204798e-02,3.061697073e-01;3.698383257e-01;3.456972965e-01;3.523620884e-01;3.170206419e-01;3.309697868e-01;3.599540164e-01;3.300572213e-01,3.390086356e-01,3.698383257e-01,1.160974419e-01,1.007802604e-01,5.429494324e-09,4.796062165e-02,1.860437813e-03
slot,103,14,random,independent,139;143;36;169,0.167589327;0.241989237;0.507915978;0.082505459,1,1.046097812e+00,4.697855115e-01,1.058718193e+00,4.863285674e-02,6.938437687e-01,7.828802319e-01,3.061697073e-01;8.665466762e-01;1.520863532e+00;1.111265225e+00;3.170206419e-01;9.059920756e-01;1.448042357e+00;1.159239127e+00,9.543924177e-01,1.520863532e+00,,,4.342147170e-09,7.822814418e-01,5.337045567e+00
slot,103,15,random,shared,226;8;66;219,0.055117404;0.072077050;0.313216183;0.559589364,1,6.336308544e-01,2.845533099e-01,6.396865855e-01,3.258091210e-02,6.311633261e-01,5.586515406e-02,6.164842741e-01;6.692055517e-01;6.296800107e-01;6.517562160e-01;6.396918370e-01;5.913353058e-01;6.390506648e-01;6.288589850e-01,6.332578556e-01,6.692055517e-01,4.947171210e-02,4.294471909e-02,5.429494324e-09,4.796062165e-02,1.860437813e-03
slot,103,15,random,independent,226;8;66;219,0.055117404;0.072077050;0.313216183;0.559589364,1,1.074035396e+00,4.823318258e-01,1.077984683e+00,3.258091210e-02,9.073846791e-01,5.746347322e-01,6.164842741e-01;1.181627342e+00;1.300153239e+00;1.058536615e+00;6.396918370e-01;1.164091666e+00;1.308738192e+00;1.078939893e+00,1.043532882e+00,1.308738192e+00,,,5.085744349e-09,5.813825452e-01,3.871091204e+00
slot,107,0,random,shared,215;140;84;138,0.269023533;0.027969989;0.302458301;0.400548178,1,3.036833017e-01,1.448581795e-01,3.093051521e-01,4.352656826e-02,2.039104659e-01,2.250423730e-01,2.114264482e-01;2.640264282e-01;2.289080289e-01;2.314538011e-01;2.669597778e-01;2.910791777e-01;5.441690940e-01;2.555247988e-01,2.866934443e-01,5.441690940e-01,1.086918892e-01,1.142177565e-01,4.394949810e-09,2.296851338e-01,1.406766849e+00
slot,107,0,random,independent,215;140;84;138,0.269023533;0.027969989;0.302458301;0.400548178,1,6.429805643e-01,3.067043643e-01,6.541469057e-01,4.352656826e-02,4.603335455e-01,4.489064858e-01,2.114264482e-01;8.724427602e-01;8.909986322e-01;5.229613674e-01;2.669597778e-01;9.112013965e-01;5.441690940e-01;4.863042989e-01,5.883079719e-01,9.112013965e-01,,,4.000708448e-09,4.484288832e-01,3.353070886e+00
slot,107,1,random,shared,1;3;152;83,0.520543302;0.471121502;0.003432946;0.004902251,1,6.642714820e-01,3.168602193e-01,6.550977136e-01,3.839069212e-02,6.616892346e-01,5.851460161e-02,6.800119364e-01;6.859680102e-01;6.784547578e-01;6.662014755e-01;6.757802319e-01;6.447424849e-01;6.000491721e-01;6.786224301e-01,6.637288124e-01,6.859680102e-01,7.236773349e-02,7.604689021e-02,7.017894258e-09,5.063914904e-02,3.443545129e-03
slot,107,1,random,independent,1;3;152;83,0.520543302;0.471121502;0.003432946;0.004902251,1,1.607205262e+00,7.666434965e-01,1.597601213e+00,3.839069212e-02,1.141619821e+00,1.131288176e+00,6.800119364e-01;2.064035491e+00;2.150766040e+00;1.001503936e+00;6.757802319e-01;2.031441418e+00;2.158677395e+00;1.034449291e+00,1.474583217e+00,2.158677395e+00,,,5.705028188e-09,1.134296023e+00,6.544847003e+00
slot,107,2,random,shared,127;100;138;255,0.136289505;0.035580194;0.742763232;0.085367069,1,3.978619530e-01,1.897817821e-01,3.967496435e-01,2.865150198e-02,2.748209410e-01,2.876935592e-01,5.450253709e-01;1.996308052e-01;3.262786386e-01;5.584763787e-01;5.687359333e-01;2.586441310e-01;1.678085716e-01;3.042651394e-01,3.661081211e-01,5.687359333e-01,2.472999428e-02,2.598726075e-02,4.843350609e-09,2.980678418e-01,2.822818230e+00
slot,107,2,random,independent,127;100;138;255,0.136289505;0.035580194;0.742763232;0.085367069,1,1.336287459e+00,6.374145945e-01,1.337541964e+00,2.865150198e-02,1.037276223e+00,8.424501237e-01,5.450253709e-01;1.258455395e+00;1.878761867e+00;1.272993895e+00;5.687359333e-01;1.252780377e+00;1.912413198e+00;1.305391768e+00,1.249319725e+00,1.912413198e+00,,,5.307295562e-09,8.508220622e-01,5.016557555e+00
slot,107,3,random,shared,61;248;87;132,0.030366882;0.104880720;0.731438283;0.133314115,1,7.846624773e-01,3.742872175e-01,7.864284007e-01,2.754735794e-02,7.818924098e-01,6.587459884e-02,8.260872431e-01;7.842169321e-01;7.926757889e-01;7.706545143e-01;7.430766431e-01;7.949788937e-01;8.002185207e-01;7.624945839e-01,7.843003900e-01,8.260872431e-01,5.435587569e-02,5.711931425e-02,4.841261820e-09,6.287729504e-02,1.855162794e-03
slot,107,3,random,independent,61;248;87;132,0.030366882;0.104880720;0.731438283;0.133314115,1,1.618619000e+00,7.720878968e-01,1.627066758e+00,2.754735794e-02,1.039685970e+00,1.240556549e+00,8.260872431e-01;1.811388937e+00;7.928543555e-01;2.453096795e+00;7.430766431e-01;1.785383236e+00;8.410842630e-01;2.429483255e+00,1.460306841e+00,2.453096795e+00,,,4.998307425e-09,1.242820520e+00,7.358002191e+00
slot,107,4,random,shared,104;193;204;253,0.031344124;0.157355902;0.491382662;0.319917313,1,6.302078552e-01,3.006117297e-01,6.258297093e-01,4.139473816e-02,6.277164664e-01,5.598194777e-02,6.494845471e-01;6.056952284e-01;6.252436528e-01;6.885023607e-01;6.565309947e-01;6.235012088e-01;5.933261280e-01;5.931365056e-01,6.294275783e-01,6.885023607e-01,8.861239363e-02,9.311742465e-02,4.106121757e-09,4.745565435e-02,1.948129208e-03
slot,107,4,random,independent,104;193;204;253,0.031344124;0.157355902;0.491382662;0.319917313,1,7.760893323e-01,3.701977922e-01,7.733666393e-01,4.139473816e-02,4.034526152e-01,6.629786113e-01,6.494845471e-01;7.511846823e-01;9.714842634e-01;6.914607422e-01;6.565309947e-01;7.612665525e-01;9.940920460e-01;6.416621164e-01,7.646457431e-01,9.940920460e-01,,,4.652252073e-09,6.632751906e-01,4.874802030e+00
slot,107,5,random,shared,33;161;11;113,0.421647917;0.018728323;0.073454697;0.486169063,1,5.975658210e-01,2.850413456e-01,6.063655316e-01,4.650118843e-02,5.949351186e-01,5.600995519e-02,6.438333988e-01;6.093468597e-01;6.143085687e-01;6.241030369e-01;5.833196943e-01;5.591194297e-01;5.897968844e-01;5.506703708e-01,5.968122804e-01,6.438333988e-01,1.323464028e-01,1.390748595e-01,7.198271768e-09,3.984578933e-02,3.778339221e-03
slot,107,5,random,independent,33;161;11;113,0.421647917;0.018728323;0.073454697;0.486169063,1,1.146736307e+00,5.469979179e-01,1.154829834e+00,4.650118843e-02,8.570582532e-01,7.618761760e-01,6.438333988e-01;1.238424800e+00;1.214354051e+00;1.297102848e+00;5.833196943e-01;1.327041381e+00;1.285760593e+00;1.288488756e+00,1.109790690e+00,1.327041381e+00,,,8.258197763e-09,7.599645511e-01,5.249340406e+00
slot,107,6,random,shared,9;167;53;27,0.560864689;0.220348147;0.033715135;0.185072029,1,5.475559206e-01,2.611864182e-01,5.567032296e-01,4.372040629e-02,4.214321678e-01,3.495889217e-01,5.147752838e-01;5.262434409e-01;6.543306757e-01;4.644126167e-01;4.752397991e-01;6.137817014e-01;5.967186662e-01;5.041154788e-01,5.437022078e-01,6.543306757e-01,9.033660039e-02,9.492928963e-02,5.496399560e-09,3.578734707e-01,2.607118794e+00
slot,107,6,random,independent,9;167;53;27,0.560864689;0.220348147;0.033715135;0.185072029,1,1.285104467e+00,6.130000977e-01,1.294196492e+00,4.372040629e-02,9.224194132e-01,8.947826095e-01,5.147752838e-01;7.593714319e-01;2.072813627e+00;1.248197240e+00;4.752397991e-01;7.527667406e-01;2.087061855e+00;1.169366867e+00,1.134949106e+00,2.087061855e+00,,,6.036501903e-09,8.932111804e-01,5.644808872e+00
slot,107,7,random,shared,224;17;207;76,0.472134435;0.167867315;0.238348842;0.121649408,1,4.177176283e-01,1.992530206e-01,4.213132700e-01,3.443086666e-02,4.141711315e-01,5.431657968e-02,4.328414280e-01;3.765335934e-01;4.279233083e-01;4.178253767e-01;4.006737905e-01;4.740476737e-01;4.153618195e-01;3.889631854e-01,4.167712719e-01,4.740476737e-01,7.753278773e-02,8.147453446e-02,4.043774367e-09,4.443088953e-02,1.006104549e-03
slot,107,7,random,independent,224;17;207;76,0.472134435;0.167867315;0.238348842;0.121649408,1,8.279907424e-01,3.949549775e-01,8.333684754e-01,3.443086666e-02,5.677304944e-01,6.027028748e-01,4.328414280e-01;1.508709871e+00;6.056941248e-01;8.754011845e-01;4.006737905e-01;8.690886104e-01;5.312428372e-01;8.304975154e-01,7.567686702e-01,1.508709871e+00,,,5.404227777e-09,6.039057597e-01,3.608307751e+00
slot,107,8,random,shared,235;203;75;174,0.285252495;0.015654410;0.268030546;0.431062550,1,6.792458537e-01,3.240030560e-01,6.753746873e-01,3.112730414e-02,4.666756724e-01,4.935471067e-01,5.896132531e-01;6.008791820e-01;6.277136861e-01;9.646458580e-01;6.493850606e-01;5.994320334e-01;7.041711677e-01;6.171361294e-01,6.691220463e-01,9.646458580e-01,8.110200567e-02,8.522521052e-02,6.212669206e-09,4.917657886e-01,3.314914896e+00
slot,107,8,random,independent,235;203;75;174,0.285252495;0.015654410;0.268030546;0.431062550,1,9.868470596e-01,4.707300918e-01,9.715504871e-01,3.112730414e-02,7.770251020e-01,6.083577154e-01,5.896132531e-01;1.181486472e+00;1.065008494e+00;1.089909902e+00;6.493850606e-01;1.045808569e+00;1.042761362e+00;1.059466099e+00,9.654299015e-01,1.181486472e+00,,,4.923853392e-09,6.187609764e-01,4.139048839e+00
slot,107,9,random,shared,4;128;47;29,0.081919923;0.543035551;0.081245617;0.293798909,1,2.156405775e-01,1.028614392e-01,2.201769834e-01,4.071796190e-02,1.679731795e-01,1.352252551e-01,2.676464200e-01;2.019704865e-01;1.733448651e-01;2.366682575e-01;1.609226411e-01;2.460258373e-01;2.247184175e-01;1.913026478e-01,2.128249466e-01,2.676464200e-01,2.045328402e-01,2.149312366e-01,5.133253501e-09,1.307441055e-01,7.422074491e-01
slot,107,9,random,independent,4;128;47;29,0.081919923;0.543035551;0.081245617;0.293798909,1,9.574483331e-01,4.567067788e-01,9.499655901e-01,4.071796190e-02,6.979743143e-01,6.553923765e-01,2.676464200e-01;1.308948993e+00;1.733448651e-01;1.269377997e+00;1.609226411e-01;1.244577859e+00;8.765429075e-01;1.250643778e+00,8.190006825e-01,1.308948993e+00,,,3.911022705e-09,6.511707421e-01,4.569203715e+00
slot,107,10,random,shared,4;128;73;20,0.127149125;0.372276820;0.498137719;0.002436337,1,6.015481605e-01,2.869409379e-01,6.050766016e-01,3.187270709e-02,4.499302545e-01,3.992780429e-01,6.507341363e-01;6.245230554e-01;5.364252263e-01;6.657649894e-01;6.389051005e-01;6.674242712e-01;3.118232671e-01;6.320710978e-01,5.909588930e-01,6.674242712e-01,8.780915700e-02,9.227335167e-02,4.053221552e-09,3.907910043e-01,2.727028122e+00
slot,107,10,random,independent,4;128;73;20,0.127149125;0.372276820;0.498137719;0.002436337,1,9.645265287e-01,4.600831071e-01,9.645346355e-01,3.187270709e-02,7.327274875e-01,6.272334920e-01,6.507341363e-01;1.357223172e+00;1.020352485e+00;6.657649894e-01;6.389051005e-01;1.357423983e+00;9.867010322e-01;6.842813765e-01,9.201732844e-01,1.357423983e+00,,,4.154496643e-09,6.315104750e-01,4.421146866e+00
slot,107,11,random,shared,149;76;5;48,0.151076886;0.070871282;0.774965149;0.003086683,1,2.821459988e-01,1.345847977e-01,2.794178165e-01,3.322693767e-02,2.816958853e-01,1.593087643e-02,2.922734793e-01;2.736768609e-01;2.855733272e-01;2.783368635e-01;2.836569772e-01;2.826769986e-01;2.792149071e-01;2.813823748e-01,2.820989736e-01,2.922734793e-01,1.164687394e-01,1.223899798e-01,4.106121757e-09,4.745565435e-02,1.948129208e-03
slot,107,11,random,independent,149;76;5;48,0.151076886;0.070871282;0.774965149;0.003086683,1,1.981900853e+00,9.453748291e-01,1.989177440e+00,3.322693767e-02,1.237006918e+00,1.548465329e+00,2.922734793e-01;2.796747044e+00;1.188261365e+00;2.637703828e+00;2.836569772e-01;2.814720486e+00;5.722028138e-01;2.610795816e+00,1.649545226e+00,2.814720486e+00,,,5.842602813e-09,1.542551340e+00,9.236006026e+00
slot,107,12,random,shared,133;189;153;51,0.305166046;0.028157211;0.480150181;0.186526562,1,5.285535679e-01,2.521222180e-01,5.323878433e-01,5.004115937e-02,4.360384948e-01,2.987294850e-01,5.572671410e-01;4.989543630e-01;5.665817778e-01;4.849093516e-01;5.113561419e-01;5.750259261e-01;5.030274720e-01;5.235650130e-01,5.275858983e-01,5.750259261e-01,1.287014679e-01,1.352446170e-01,7.056039809e-09,3.107364561e-01,2.428974267e+00
slot,107,12,random,independent,133;189;153;51,0.305166046;0.028157211;0.480150181;0.186526562,1,9.480564377e-01,4.522268062e-01,9.519298748e-01,5.004115937e-02,6.828053447e-01,6.577141250e-01,5.572671410e-01;1.026817266e+00;8.784537579e-01;1.343641802e+00;5.113561419e-01;1.038766166e+00;8.382405744e-01;1.097891570e+00,9.115543024e-01,1.343641802e+00,,,7.056039809e-09,6.633853463e-01,4.422594030e+00
slot,107,13,random,shared,110;220;103;203,0.226964134;0.366622301;0.197838420;0.208575146,1,5.105526152e-01,2.435356898e-01,5.088546307e-01,3.573959935e-02,5.080753008e-01,5.023406787e-02,5.163937385e-01;5.284079437e-01;5.146819360e-01;5.005697458e-01;5.094744036e-01;5.292096418e-01;4.755287046e-01;5.081458527e-01,5.103014958e-01,5.292096418e-01,1.196856638e-01,1.257704518e-01,4.203920298e-09,4.991142644e-02,1.852481098e-03
slot,107,13,random,independent,110;220;103;203,0.226964134;0.366622301;0.197838420;0.208575146,1,5.105526152e-01,2.435356898e-01,5.088546307e-01,3.573959935e-02,5.080753008e-01,5.023406787e-02,5.163937385e-01;5.284079437e-01;5.146819360e-01;5.005697458e-01;5.094744036e-01;5.292096418e-01;4.755287046e-01;5.081458527e-01,5.103014958e-01,5.292096418e-01,,,4.203920298e-09,4.991142644e-02,1.852481098e-03
slot,107,14,random,shared,35;89;70;221,0.119843896;0.253864261;0.321331644;0.304960199,1,7.027359808e-01,3.352079429e-01,7.081119845e-01,3.303449599e-02,7.013192315e-01,4.460038456e-02,6.622451637e-01;7.335557385e-01;7.356111108e-01;6.775132036e-01;7.363618736e-01;6.871933363e-01;7.004105182e-01;6.847218118e-01,7.022015946e-01,7.363618736e-01,1.349771540e-01,1.418393574e-01,4.213043201e-09,4.402480568e-02,1.448835512e-03
slot,107,14,random,independent,35;89;70;221,0.119843896;0.253864261;0.321331644;0.304960199,1,7.160640196e-01,3.415654720e-01,7.212128705e-01,3.303449599e-02,4.076285463e-01,5.887161017e-01,6.622451637e-01;8.713266820e-01;5.238438289e-01;6.775132036e-01;7.363618736e-01;9.555679382e-01;4.965714918e-01;6.847218118e-01,7.010189992e-01,9.555679382e-01,,,4.864077232e-09,5.872143072e-01,4.378998041e+00
slot,107,15,random,shared,48;189;173;211,0.040222910;0.368098603;0.162091274;0.429587213,1,6.367250401e-01,3.037204536e-01,6.456332392e-01,4.363122136e-02,6.359182671e-01,3.204269359e-02,6.525123804e-01;6.571843897e-01;6.142574290e-01;6.526518532e-01;6.601592804e-01;6.114963743e-01;6.284832132e-01;6.145653859e-01,6.364137883e-01,6.601592804e-01,2.403581768e-02,2.525779239e-02,4.476391411e-09,4.549764253e-02,2.325234107e-03
slot,107,15,random,independent,48;189;173;211,0.040222910;0.368098603;0.162091274;0.429587213,1,8.677986225e-01,4.139434994e-01,8.681929710e-01,4.363122136e-02,5.769668243e-01,6.482158074e-01,6.525123804e-01;1.271508883e+00;5.689501469e-01;9.250019911e-01;6.601592804e-01;9.902779458e-01;5.985912705e-01;1.013895064e+00,8.351121202e-01,1.271508883e+00,,,5.191203444e-09,6.491148940e-01,4.559152156e+00
single,101,0,random,shared,57;79;139;19,0.120492461;0.711688758;0.012182386;0.155636394,1,3.879535712e-01,1.760512389e-01,3.838611081e-01,3.102527714e-02,2.635975187e-01,2.846477148e-01,3.001613991e-01;4.676491461e-01;5.711256635e-01;2.303372002e-01;1.130783854e-01;4.497187008e-01;3.967208826e-01;3.789595739e-01,3.634688689e-01,5.711256635e-01,8.316674684e-02,1.813922937e-01,2.088941791e-08,2.825926440e-01,3.909049869e+00
single,101,0,random,independent,57;79;139;19,0.120492461;0.711688758;0.012182386;0.155636394,1,1.425730275e+00,6.469887117e-01,1.422405955e+00,3.102527714e-02,9.880627138e-01,1.027832131e+00,3.001613991e-01;1.511033464e+00;2.182482920e+00;1.381796695e+00;1.130783854e-01;1.461061484e+00;1.690812342e+00;1.486407739e+00,1.265854304e+00,2.182482920e+00,,,2.267753359e-08,1.028999119e+00,6.546055182e+00
single,101,1,random,shared,133;218;82;217,0.242686784;0.447698647;0.055187772;0.254426797,1,3.269849251e-01,1.483839961e-01,3.359458800e-01,3.319569688e-02,1.385605106e-01,2.961758365e-01,3.775772663e-01;1.695416265e-01;1.438431605e-01;1.515605727e-01;3.608433400e-01;4.710672307e-01;3.143674389e-01;4.352511622e-01,3.030064747e-01,4.710672307e-01,7.641351364e-02,1.666630358e-01,2.008977420e-08,3.050601933e-01,3.326868553e+00
single,101,1,random,independent,133;218;82;217,0.242686784;0.447698647;0.055187772;0.254426797,1,7.072759194e-01,3.209579989e-01,7.241984039e-01,3.319569688e-02,4.826759735e-01,5.169749808e-01,3.775772663e-01;6.102258650e-01;5.785701488e-01;9.552896396e-01;3.608433400e-01;1.114010539e+00;4.870429199e-01;7.944895825e-01,6.597561626e-01,1.114010539e+00,,,2.047641188e-08,5.174078934e-01,3.198491365e+00
single,101,2,random,shared,155;149;168;179,0.364469335;0.012573871;0.061938028;0.561018766,1,2.564585011e-01,1.163794851e-01,2.632449937e-01,4.408004753e-02,1.198277044e-01,2.267427707e-01,2.363768173e-01;2.230693475e-01;1.782371468e-01;2.455136109e-01;3.031553448e-01;2.810822916e-01;2.651951628e-01;2.953802008e-01,2.535012403e-01,3.031553448e-01,5.901331561e-02,1.287120284e-01,1.856372564e-08,2.283533511e-01,1.563423314e+00
single,101,2,random,independent,155;149;168;179,0.364469335;0.012573871;0.061938028;0.561018766,1,1.093790931e+00,4.963564273e-01,1.084869633e+00,4.408004753e-02,9.102556625e-01,6.064760750e-01,2.363768173e-01;6.586338852e-01;1.453904435e+00;1.500602323e+00;3.031553448e-01;8.203225676e-01;1.569704401e+00;1.219387793e+00,9.702609458e-01,1.569704401e+00,,,2.203036273e-08,6.079762806e-01,3.867442187e+00
single,101,3,random,shared,188;0;121;136,0.076824893;0.288342517;0.382710388;0.252122203,1,3.643554119e-01,1.653425215e-01,3.766527506e-01,4.225544922e-02,3.410864432e-01,1.281206638e-01,3.366815134e-01;4.673578447e-01;3.719678100e-01;3.816664512e-01;2.501890019e-01;3.316869206e-01;3.620204594e-01;3.775741498e-01,3.598930189e-01,4.673578447e-01,1.269531830e-01,2.768934692e-01,2.185730394e-08,1.221851214e-01,8.452542808e-01
single,101,3,random,independent,188;0;121;136,0.076824893;0.288342517;0.382710388;0.252122203,1,1.126210542e+00,5.110682720e-01,1.136341470e+00,4.225544922e-02,9.595910620e-01,5.895211436e-01,3.366815134e-01;1.383411719e+00;1.492434535e+00;1.179502906e+00;2.501890019e-01;1.173794209e+00;1.474127976e+00;9.421201806e-01,1.029032755e+00,1.492434535e+00,,,2.214195182e-08,5.950376480e-01,4.511733813e+00
single,101,4,random,shared,78;77;220;28,0.456648179;0.392559454;0.017024295;0.133768071,1,2.731044119e-01,1.239333097e-01,2.684587957e-01,3.700816803e-02,1.862169760e-01,1.997730154e-01,1.760486604e-01;2.101448227e-01;1.140144988e-01;1.956370660e-01;2.137121312e-01;4.359255141e-01;4.240474381e-01;2.339676369e-01,2.504372210e-01,4.359255141e-01,5.094712404e-02,1.111191196e-01,2.205981279e-08,2.003163020e-01,2.223339529e+00
single,101,4,random,independent,78;77;220;28,0.456648179;0.392559454;0.017024295;0.133768071,1,1.247610619e+00,5.661589722e-01,1.250925226e+00,3.700816803e-02,1.016929419e+00,7.227633169e-01,1.760486604e-01;1.303638409e+00;1.814772457e+00;1.184785773e+00;2.137121312e-01;1.240918865e+00;1.810100920e+00;1.078266002e+00,1.102780402e+00,1.814772457e+00,,,2.143351011e-08,7.216965324e-01,5.439605010e+00
single,101,5,random,shared,1;14;199;235,0.005852973;0.129579795;0.003701220;0.860866012,1,3.169629455e-01,1.438360757e-01,3.170623293e-01,2.622926776e-02,1.873169164e-01,2.556909886e-01,2.370570632e-01;7.696581850e-02;4.575187132e-01;2.462972070e-01;2.837265808e-01;4.156440596e-01;3.844927116e-01;2.655620316e-01,2.959080232e-01,4.575187132e-01,4.517200531e-02,9.852319545e-02,2.314601238e-08,2.639868700e-01,3.511026279e+00
single,101,5,random,independent,1;14;199;235,0.005852973;0.129579795;0.003701220;0.860866012,1,1.755155244e+00,7.964799868e-01,1.755550212e+00,2.622926776e-02,1.390942341e+00,1.070443523e+00,2.370570632e-01;2.253123542e+00;2.070535614e+00;1.800020134e+00;2.837265808e-01;2.059237785e+00;2.018129337e+00;1.894940747e+00,1.577096350e+00,2.253123542e+00,,,2.200443201e-08,1.072452679e+00,6.646411768e+00
single,101,6,random,shared,124;250;216;9,0.398962587;0.183314414;0.363646016;0.054076983,1,4.681268466e-01,2.124334391e-01,4.740061991e-01,4.308658827e-02,4.056445565e-01,2.336562395e-01,6.982607340e-01;4.979464228e-01;4.912289414e-01;3.788093357e-01;1.602591378e-01;5.077603704e-01;4.041534195e-01;4.312508620e-01,4.462086530e-01,6.982607340e-01,1.215990074e-01,2.652156505e-01,2.170569010e-08,2.383727178e-01,1.813153322e+00
single,101,6,random,independent,124;250;216;9,0.398962587;0.183314414;0.363646016;0.054076983,1,9.165288566e-01,4.159158536e-01,9.161433012e-01,4.308658827e-02,7.791082358e-01,4.827167927e-01,6.982607340e-01;9.859604654e-01;4.915083188e-01;1.365076838e+00;1.602591378e-01;1.154723444e+00;4.845567520e-01;1.249654112e+00,8.237499752e-01,1.365076838e+00,,,2.135624234e-08,4.814104086e-01,3.329472152e+00
single,101,7,random,shared,103;10;173;52,0.115693515;0.157282034;0.653761729;0.073262722,1,4.440832394e-01,2.015225797e-01,4.394505096e-01,3.686477882e-02,3.596858683e-01,2.604534501e-01,3.402923474e-01;4.855272192e-01;4.478829453e-01;4.708499753e-01;6.067085213e-01;4.348671555e-01;1.933812216e-01;4.574319886e-01,4.296176718e-01,6.067085213e-01,1.036905259e-01,2.261560425e-01,2.202338061e-08,2.677053128e-01,3.122997462e+00
single,101,7,random,independent,103;10;173;52,0.115693515;0.157282034;0.653761729;0.073262722,1,1.587521004e+00,7.204084722e-01,1.585397106e+00,3.686477882e-02,1.278730341e+00,9.407824684e-01,3.402923474e-01;1.725535621e+00;1.568512192e+00;1.603535176e+00;6.067085213e-01;1.923207676e+00;1.728593638e+00;2.232061136e+00,1.466055788e+00,2.232061136e+00,,,2.204332177e-08,9.351723993e-01,5.860476572e+00
single,101,8,random,shared,2;47;5;229,0.324769539;0.126796454;0.324030738;0.224403269,1,3.051116270e-01,1.384580113e-01,3.018981004e-01,4.403476121e-02,1.384609732e-01,2.718853873e-01,2.066002074e-01;3.540886435e-01;1.972972474e-01;1.563091490e-01;4.702409372e-01;2.747834688e-01;3.395701213e-01;3.184074611e-01,2.896621545e-01,4.702409372e-01,6.592774973e-02,1.437928763e-01,2.060346362e-08,2.681245926e-01,2.769844525e+00
single,101,8,random,independent,2;47;5;229,0.324769539;0.126796454;0.324030738;0.224403269,1,3.755456320e-01,1.704205830e-01,3.711128699e-01,4.403476121e-02,2.342998293e-01,2.934929500e-01,2.066002074e-01;2.746297538e-01;1.989212398e-01;3.678976178e-01;4.702409372e-01;3.747739136e-01;3.965158370e-01;5.625352212e-01,3.565143409e-01,5.625352212e-01,,,2.069020611e-08,2.931933640e-01,3.683223821e+00
single,101,9,random,shared,83;65;217;79,0.047669969;0.189525026;0.148399061;0.614405944,1,2.928832537e-01,1.329088414e-01,2.985310671e-01,3.676607775e-02,7.841382456e-02,2.821911983e-01,1.807764963e-01;3.648198199e-01;1.673444205e-01;2.948744975e-01;3.368220881e-01;3.004328795e-01;3.589843052e-01;2.700690095e-01,2.842654396e-01,3.648198199e-01,4.770245076e-02,1.040422679e-01,1.979330627e-08,2.895845849e-01,2.698653160e+00
single,101,9,random,independent,83;65;217;79,0.047669969;0.189525026;0.148399061;0.614405944,1,7.250533699e-01,3.290253101e-01,7.282138910e-01,3.676607775e-02,3.659532713e-01,6.259237912e-01,1.807764963e-01;5.758441904e-01;1.187099322e+00;6.028444760e-01;3.368220881e-01;4.312618890e-01;1.178315214e+00;6.171332920e-01,6.387621209e-01,1.187099322e+00,,,1.996172232e-08,6.283375195e-01,4.534454034e+00
single,101,10,random,shared,32;61;75;89,0.094966494;0.511842663;0.262286957;0.130903886,1,3.937965839e-01,1.787027666e-01,3.946420208e-01,3.952345608e-02,2.528092603e-01,3.019324881e-01,4.481919020e-01;2.410257200e-01;3.380637300e-01;4.189713949e-01;5.430491014e-01;2.026638564e-01;3.081303765e-01;5.107770625e-01,3.763591430e-01,5.430491014e-01,1.070818057e-01,2.335526527e-01,1.921195270e-08,2.961946111e-01,2.476325714e+00
single,101,10,random,independent,32;61;75;89,0.094966494;0.511842663;0.262286957;0.130903886,1,9.779118558e-01,4.437711277e-01,9.910483109e-01,3.952345608e-02,8.024993770e-01,5.588437596e-01,4.481919020e-01;1.339683946e+00;1.020209991e+00;1.138983478e+00;5.430491014e-01;1.245823440e+00;9.119103222e-01;7.988699086e-01,9.308402612e-01,1.339683946e+00,,,1.899994661e-08,5.527415949e-01,3.781041486e+00
single,101,11,random,shared,70;155;106;215,0.415788428;0.087104167;0.409714118;0.087393287,1,3.783907189e-01,1.717116681e-01,3.845808099e-01,3.624155860e-02,2.522823224e-01,2.820162512e-01,2.985507670e-01;9.281916098e-02;2.915936335e-01;3.654529464e-01;3.120557539e-01;4.067108007e-01;5.459033577e-01;5.179794241e-01,3.538832305e-01,5.459033577e-01,8.312804067e-02,1.813078729e-01,1.769442532e-08,2.853866888e-01,2.368524033e+00
single,101,11,random,independent,70;155;106;215,0.415788428;0.087104167;0.409714118;0.087393287,1,9.035093892e-01,4.100076895e-01,9.143663267e-01,3.624155860e-02,7.133763030e-01,5.544578132e-01,2.985507670e-01;8.610987020e-01;3.041228379e-01;1.322992898e+00;3.120557539e-01;1.130011608e+00;4.849064863e-01;1.499256468e+00,7.766244402e-01,1.499256468e+00,,,2.036818930e-08,5.555407075e-01,3.333689282e+00
single,101,12,random,shared,32;46;18;237,0.054887666;0.100034972;0.386935905;0.458141457,1,4.097900837e-01,1.859605306e-01,4.164134067e-01,3.590456267e-02,2.517144565e-01,3.233693632e-01,3.982464217e-01;2.747838596e-01;2.473283678e-01;4.187291538e-01;3.201643226e-01;6.945089227e-01;4.496455021e-01;2.928866320e-01,3.870366478e-01,6.945089227e-01,1.015167762e-01,2.214149476e-01,2.121498119e-08,3.276032459e-01,3.133132664e+00
single,101,12,random,independent,32;46;18;237,0.054887666;0.100034972;0.386935905;0.458141457,1,1.503823410e+00,6.824269555e-01,1.507816107e+00,3.590456267e-02,1.179232634e+00,9.332176831e-01,3.982464217e-01;1.417115512e+00;2.165590092e+00;1.647676712e+00;3.201643226e-01;1.280059376e+00;2.189234697e+00;1.409481270e+00,1.353446050e+00,2.189234697e+00,,,2.121498119e-08,9.324908003e-01,5.819832367e+00
single,101,13,random,shared,42;141;247;173,0.310765199;0.045155331;0.432024414;0.212055056,1,3.492489663e-01,1.584872979e-01,3.466400632e-01,3.498601729e-02,2.247308703e-01,2.673403756e-01,4.096547642e-01;3.397674775e-01;3.066437224e-01;3.915800912e-01;3.625381088e-01;2.840102049e-01;3.997713734e-01;2.706687849e-01,3.455793159e-01,4.096547642e-01,7.478912211e-02,1.631201282e-01,1.951198773e-08,2.738090253e-01,3.352513249e+00
single,101,13,random,independent,42;141;247;173,0.310765199;0.045155331;0.432024414;0.212055056,1,9.274089083e-01,4.208531625e-01,9.253618331e-01,3.498601729e-02,7.236356572e-01,5.800333774e-01,4.096547642e-01;1.436885754e+00;5.193314507e-01;9.055108498e-01;3.625381088e-01;1.392381618e+00;6.350787618e-01;1.041681347e+00,8.378828319e-01,1.436885754e+00,,,2.011489069e-08,5.833713629e-01,3.654374530e+00
single,101,14,random,shared,38;215;235;4,0.257711988;0.335047771;0.113723251;0.293516990,1,4.960791512e-01,2.251180442e-01,4.957021233e-01,5.118908545e-02,3.184429955e-01,3.803795247e-01,3.994399909e-01;2.360933374e-01;3.014495916e-01;7.230979748e-01;5.289510272e-01;6.045318412e-01;5.899505148e-01;3.826640041e-01,4.707722852e-01,7.230979748e-01,8.452078730e-02,1.843455474e-01,1.837714043e-08,3.742889531e-01,3.579623974e+00
single,101,14,random,independent,38;215;235;4,0.257711988;0.335047771;0.113723251;0.293516990,1,7.679534998e-01,3.484931577e-01,7.726799624e-01,5.118908545e-02,6.484473541e-01,4.114226619e-01,3.994399909e-01;7.554850193e-01;8.585582471e-01;8.135769125e-01;5.289510272e-01;1.258823653e+00;6.739300504e-01;5.196856300e-01,7.260563163e-01,1.258823653e+00,,,1.958497045e-08,4.121382787e-01,2.783186130e+00
single,101,15,random,shared,59;252;130;118,0.008738091;0.393852196;0.030630211;0.566779501,1,4.314968955e-01,1.958109647e-01,4.321369300e-01,3.908138173e-02,3.413035859e-01,2.640102897e-01,3.956052258e-01;4.584846817e-01;3.702045580e-01;3.742486931e-01;3.547162182e-01;4.327786926e-01;3.208973327e-01;6.554351828e-01,4.202963231e-01,6.554351828e-01,8.516017025e-02,1.857400848e-01,2.168642060e-08,2.561050241e-01,3.795799227e+00
single,101,15,random,independent,59;252;130;118,0.008738091;0.393852196;0.030630211;0.566779501,1,1.092176602e+00,4.956238536e-01,1.096463850e+00,3.908138173e-02,9.218569766e-01,5.856871563e-01,3.956052258e-01;1.336935806e+00;6.697952690e-01;1.628391464e+00;3.547162182e-01;1.307099346e+00;7.136764747e-01;1.467973478e+00,9.842741601e-01,1.628391464e+00,,,2.251976457e-08,5.855117289e-01,3.995183618e+00
single,103,0,random,shared,253;162;70;252,0.122048016;0.024458830;0.619187339;0.234305815,1,3.750779559e-01,1.684414089e-01,3.813580222e-01,4.118494275e-02,1.553599512e-01,3.413894529e-01,3.240894347e-01;3.687965552e-01;2.947357660e-01;5.797337854e-01;4.730228346e-01;3.482857648e-01;2.095476378e-01;2.692558280e-01,3.584334508e-01,5.797337854e-01,8.616730573e-02,1.858865454e-01,2.002012020e-08,3.367140952e-01,2.369091509e+00
single,103,0,random,independent,253;162;70;252,0.122048016;0.024458830;0.619187339;0.234305815,1,1.152898169e+00,5.177478145e-01,1.150605189e+00,4.118494275e-02,7.297319473e-01,8.925611875e-01,3.240894347e-01;2.090435886e+00;8.939819478e-01;4.433241485e-01;4.730228346e-01;1.786922875e+00;9.979915909e-01;8.659481225e-01,9.844646049e-01,2.090435886e+00,,,2.194488493e-08,8.900940941e-01,5.427688604e+00
single,103,1,random,shared,67;121;101;128,0.187176076;0.155068254;0.056330576;0.601425094,1,3.388878370e-01,1.521890152e-01,3.382305604e-01,4.206051471e-02,2.595039212e-01,2.179510976e-01,3.380760776e-01;2.723692659e-01;4.078719111e-01;3.587440213e-01;3.782394176e-01;3.193635249e-01;3.643823435e-01;2.395618881e-01,3.348260562e-01,4.078719111e-01,6.078547792e-02,1.311309713e-01,2.185181240e-08,2.041464508e-01,1.277232660e+00
single,103,1,random,independent,67;121;101;128,0.187176076;0.155068254;0.056330576;0.601425094,1,1.009548462e+00,4.533717927e-01,1.008784919e+00,4.206051471e-02,7.022432799e-01,7.252878551e-01,3.380760776e-01;1.081562970e+00;1.193186823e+00;9.973962991e-01;3.782394176e-01;1.178134523e+00;1.302427726e+00;1.106143173e+00,9.468958761e-01,1.302427726e+00,,,2.185181240e-08,7.322141806e-01,4.807143610e+00
single,103,2,random,shared,137;143;156;37,0.063846979;0.637844664;0.009279875;0.289028482,1,4.958580306e-01,2.226817758e-01,5.031902434e-01,3.999420190e-02,3.197459655e-01,3.789956517e-01,3.994292088e-01;3.261850082e-01;6.700009625e-01;5.654918367e-01;5.057201469e-01;7.397498731e-01;2.959629383e-01;2.044554473e-01,4.633744277e-01,7.397498731e-01,6.382246598e-02,1.376825887e-01,2.105357240e-08,3.763710627e-01,4.160303101e+00
single,103,2,random,independent,137;143;156;37,0.063846979;0.637844664;0.009279875;0.289028482,1,1.636836884e+00,7.350768196e-01,1.641082120e+00,3.999420190e-02,1.281991618e+00,1.017709427e+00,3.994292088e-01;2.614868305e+00;1.360802226e+00;1.474342168e+00;5.057201469e-01;2.484416418e+00;1.290609395e+00;1.522360665e+00,1.456568567e+00,2.614868305e+00,,,2.139556535e-08,1.013010059e+00,5.746367734e+00
single,103,3,random,shared,218;187;54;140,0.167330074;0.307508015;0.090702820;0.434459091,1,3.591404658e-01,1.612841413e-01,3.676282525e-01,4.231660970e-02,2.448795739e-01,2.627087142e-01,1.381176721e-01;3.975988840e-01;2.755870925e-01;4.313440747e-01;5.167095570e-01;3.997890964e-01;1.501565506e-01;3.785770670e-01,3.359849993e-01,5.167095570e-01,7.085380740e-02,1.528511234e-01,2.016525382e-08,2.639673238e-01,2.643112959e+00
single,103,3,random,independent,218;187;54;140,0.167330074;0.307508015;0.090702820;0.434459091,1,8.170172929e-01,3.669091765e-01,8.225553463e-01,4.231660970e-02,5.778816390e-01,5.775552512e-01,1.381176721e-01;1.071660234e+00;5.405437838e-01;1.144308780e+00;5.167095570e-01;1.026624120e+00;4.091652092e-01;1.040487253e+00,7.359520761e-01,1.144308780e+00,,,2.169432406e-08,5.849231782e-01,3.812966772e+00
single,103,4,random,shared,64;200;82;131,0.009021708;0.260125653;0.446062916;0.284789723,1,3.387635321e-01,1.521331919e-01,3.571548241e-01,3.902265413e-02,2.086064837e-01,2.669158400e-01,3.689050056e-01;1.541567006e-01;5.533773021e-01;4.883830700e-01;2.982283119e-01;2.548542673e-01;1.880205018e-01;1.557037563e-01,3.077036145e-01,5.533773021e-01,5.517992009e-02,1.190382435e-01,2.148709444e-08,2.641480644e-01,3.592561654e+00
single,103,4,random,independent,64;200;82;131,0.009021708;0.260125653;0.446062916;0.284789723,1,7.592691754e-01,3.409754362e-01,7.744473661e-01,3.902265413e-02,5.340505602e-01,5.397033258e-01,3.689050056e-01;7.712065183e-01;1.102368966e+00;7.998162013e-01;2.982283119e-01;7.658436418e-01;8.190109634e-01;8.245654545e-01,7.187431328e-01,1.102368966e+00,,,2.116221901e-08,5.382225476e-01,4.404392672e+00
single,103,5,random,shared,125;98;153;231,0.018588171;0.043507234;0.212760687;0.725143909,1,2.185316319e-01,9.813900123e-02,2.215533212e-01,2.648271273e-02,1.627520066e-01,1.458350387e-01,2.564690111e-01;1.337969024e-01;1.943654880e-01;2.170706961e-01;2.455794367e-01;2.111649215e-01;1.988397579e-01;2.627467705e-01,2.150041230e-01,2.627467705e-01,5.893402709e-02,1.271368834e-01,2.131694998e-08,1.387310741e-01,9.852442342e-01
single,103,5,random,independent,125;98;153;231,0.018588171;0.043507234;0.212760687;0.725143909,1,1.422805220e+00,6.389586807e-01,1.418281434e+00,2.648271273e-02,1.003964161e+00,1.008181858e+00,2.564690111e-01;1.630690677e+00;2.232194595e+00;7.680901601e-01;2.455794367e-01;1.419084879e+00;2.213456207e+00;9.612046482e-01,1.215846202e+00,2.232194595e+00,,,2.223339124e-08,1.007809052e+00,6.645322075e+00
single,103,6,random,shared,18;95;153;205,0.360116040;0.032500561;0.383125462;0.224257938,1,2.580849411e-01,1.159017490e-01,2.641294015e-01,3.394051766e-02,1.960952980e-01,1.677929407e-01,1.627566868e-01;2.462671491e-01;3.488087513e-01;3.151117071e-01;1.757482368e-01;2.315478508e-01;2.060582167e-01;3.127309950e-01,2.498786992e-01,3.488087513e-01,6.499479244e-02,1.402116189e-01,2.167598820e-08,1.590739783e-01,1.616269535e+00
single,103,6,random,independent,18;95;153;205,0.360116040;0.032500561;0.383125462;0.224257938,1,4.683711507e-01,2.103378652e-01,4.777077965e-01,3.394051766e-02,2.626099001e-01,3.878241549e-01,1.627566868e-01;6.869230087e-01;4.099204360e-01;6.168263882e-01;1.757482368e-01;6.766492503e-01;2.600493583e-01;3.895413240e-01,4.223018361e-01,6.869230087e-01,,,2.327133145e-08,3.877938335e-01,3.137931725e+00
single,103,7,random,shared,111;213;88;55,0.609505717;0.240834955;0.116010400;0.033648928,1,3.365686816e-01,1.511475202e-01,3.392260593e-01,3.750254218e-02,2.175944174e-01,2.567706115e-01,4.953230420e-01;2.738077445e-01;1.854593665e-01;3.817396601e-01;1.858991980e-01;3.668677111e-01;2.851272676e-01;3.941368924e-01,3.210451103e-01,4.953230420e-01,5.402514222e-02,1.165470704e-01,2.074983210e-08,2.580668085e-01,3.293565685e+00
single,103,7,random,independent,111;213;88;55,0.609505717;0.240834955;0.116010400;0.033648928,1,9.911567268e-01,4.451123636e-01,1.006976953e+00,3.750254218e-02,6.243439587e-01,7.697962577e-01,4.953230420e-01;9.160634522e-01;1.490333313e+00;8.159216534e-01;1.858991980e-01;9.131674286e-01;1.501851268e+00;8.739588475e-01,8.990647754e-01,1.501851268e+00,,,2.240970835e-08,7.685978740e-01,5.070150454e+00
single,103,8,random,shared,255;163;95;129,0.138922481;0.648519806;0.132564729;0.079992984,1,6.479482258e-01,2.909830086e-01,6.462780239e-01,3.560782551e-02,5.362768800e-01,3.636536970e-01,8.258133665e-01;4.823675103e-01;2.447449423e-01;6.889442493e-01;1.622315070e-01;8.503084517e-01;6.996647736e-01;8.189203318e-01,5.966243916e-01,8.503084517e-01,5.802937720e-02,1.251853051e-01,2.275567475e-08,3.645838938e-01,3.205562290e+00
single,103,8,random,independent,255;163;95;129,0.138922481;0.648519806;0.132564729;0.079992984,1,1.523239116e+00,6.840619098e-01,1.524048507e+00,3.560782551e-02,1.279360814e+00,8.267365442e-01,8.258133665e-01;2.141857770e+00;1.669622651e+00;1.259936510e+00;1.622315070e-01;1.790414048e+00;2.024912013e+00;1.259081739e+00,1.391733701e+00,2.141857770e+00,,,2.268087082e-08,8.219048615e-01,5.521670607e+00
single,103,9,random,shared,171;207;101;156,0.035282754;0.639327305;0.126539960;0.198849981,1,3.834614181e-01,1.722062854e-01,3.865729750e-01,3.175804428e-02,2.782222010e-01,2.638845695e-01,4.999576005e-01;5.364398007e-01;1.603358220e-01;4.990538712e-01;2.448311978e-01;2.989187894e-01;3.163122553e-01;3.383865664e-01,3.617794879e-01,5.364398007e-01,9.196497871e-02,1.983937184e-01,1.927313233e-08,2.611315715e-01,2.656018867e+00
single,103,9,random,independent,171;207;101;156,0.035282754;0.639327305;0.126539960;0.198849981,1,1.530615209e+00,6.873743929e-01,1.533324682e+00,3.175804428e-02,1.226114931e+00,9.162014478e-01,4.999576005e-01;1.493478915e+00;2.068003099e+00;1.461292882e+00;2.448311978e-01;1.716650588e+00;1.643609564e+00;2.035074642e+00,1.395362311e+00,2.068003099e+00,,,2.241515350e-08,9.067557142e-01,5.402733256e+00
single,103,10,random,shared,25;86;160;203,0.146710811;0.118950937;0.531619234;0.202719018,1,4.089413780e-01,1.836489209e-01,4.100816746e-01,4.132907946e-02,3.623566136e-01,1.895540429e-01,4.966676905e-01;3.842936810e-01;4.493000369e-01;3.739866450e-01;3.395991008e-01;4.191641745e-01;4.215150601e-01;3.647825965e-01,4.061636232e-01,4.966676905e-01,6.701636276e-02,1.445727013e-01,2.264557852e-08,1.876022332e-01,2.785658786e+00
single,103,10,random,independent,25;86;160;203,0.146710811;0.118950937;0.531619234;0.202719018,1,1.042679040e+00,4.682501963e-01,1.056181373e+00,4.132907946e-02,8.562403978e-01,5.950058495e-01,4.966676905e-01;1.106236977e+00;7.277130094e-01;1.685914743e+00;3.395991008e-01;9.543937963e-01;8.840349093e-01;1.430877374e+00,9.531797001e-01,1.685914743e+00,,,2.112301479e-08,5.873580258e-01,4.513715742e+00
single,103,11,random,shared,181;56;105;66,0.330170624;0.111828764;0.067663618;0.490336994,1,2.766114200e-01,1.242216893e-01,2.819063782e-01,4.462049552e-02,1.549287830e-01,2.291526781e-01,3.429174930e-01;3.758488538e-01;1.736603042e-01;2.423912391e-01;2.154192361e-01;9.900081504e-02;2.581519458e-01;3.761592796e-01,2.604436458e-01,3.761592796e-01,5.261745873e-02,1.135103105e-01,2.033252951e-08,2.237007141e-01,2.010003302e+00
single,103,11,random,independent,181;56;105;66,0.330170624;0.111828764;0.067663618;0.490336994,1,7.392754996e-01,3.319966017e-01,7.459702185e-01,4.462049552e-02,4.208225454e-01,6.078130055e-01,3.429174930e-01;4.632416505e-01;7.239447383e-01;1.159222521e+00;2.154192361e-01;4.058693754e-01;9.287757641e-01;1.048040183e+00,6.609288702e-01,1.159222521e+00,,,2.072095446e-08,5.919201535e-01,3.622653123e+00
single,103,12,random,shared,162;150;220;143,0.545084165;0.273881841;0.115722504;0.065311490,1,3.796748791e-01,1.705058123e-01,3.752216549e-01,3.877343467e-02,2.422887694e-01,2.923168932e-01,3.795680641e-01;4.773742681e-01;2.662779074e-01;4.642857039e-01;4.401223562e-01;4.161099217e-01;2.254495183e-01;2.777016815e-01,3.683611777e-01,4.773742681e-01,5.612567000e-02,1.210784858e-01,2.115090808e-08,2.956588765e-01,2.035386996e+00
single,103,12,random,independent,162;150;220;143,0.545084165;0.273881841;0.115722504;0.065311490,1,9.854294887e-01,4.425403542e-01,9.890234527e-01,3.877343467e-02,7.186459219e-01,6.742546375e-01,3.795680641e-01;9.864010136e-01;1.303697633e+00;1.158636351e+00;4.401223562e-01;9.661487295e-01;1.428422079e+00;6.647593086e-01,9.159694419e-01,1.428422079e+00,,,2.070503899e-08,6.733711265e-01,4.392046423e+00
single,103,13,random,shared,80;17;39;245,0.681669145;0.007157038;0.276756427;0.034417391,1,4.308170357e-01,1.934729230e-01,4.277841589e-01,3.378411387e-02,1.597605350e-01,4.000998497e-01,3.341872284e-01;1.786785644e-01;7.035866180e-01;7.212258669e-01;3.318668578e-01;3.191495625e-01;1.627070447e-01;2.958933857e-01,3.809118911e-01,7.212258669e-01,5.458445400e-02,1.177536596e-01,2.071673579e-08,3.979002501e-01,3.681016637e+00
single,103,13,random,independent,80;17;39;245,0.681669145;0.007157038;0.276756427;0.034417391,1,9.448691177e-01,4.243253513e-01,9.495131542e-01,3.378411387e-02,4.617974515e-01,8.243304940e-01,3.341872284e-01;1.031324454e+00;1.098352012e+00;1.112323260e+00;3.318668578e-01;1.020582957e+00;8.491765003e-01;1.284696024e+00,8.828136617e-01,1.284696024e+00,,,2.188620878e-08,8.402898193e-01,5.082614004e+00
single,103,14,random,shared,139;143;36;169,0.167589327;0.241989237;0.507915978;0.082505459,1,3.682572066e-01,1.653783213e-01,3.674889311e-01,4.863285674e-02,1.870932715e-01,3.171899715e-01,3.054424153e-01;2.763850234e-01;2.848021646e-01;4.704042240e-01;3.399041218e-01;3.687540979e-01;4.704099367e-01;3.742070274e-01,3.612886264e-01,4.704099367e-01,7.001075036e-02,1.510324178e-01,2.156185833e-08,3.168047865e-01,2.420888220e+00
single,103,14,random,independent,139;143;36;169,0.167589327;0.241989237;0.507915978;0.082505459,1,1.008916131e+00,4.530878232e-01,1.022242295e+00,4.863285674e-02,7.584179714e-01,6.653675226e-01,3.054424153e-01;8.648078235e-01;1.241131323e+00;1.359540725e+00;3.399041218e-01;8.180238992e-01;1.144961177e+00;1.348226421e+00,9.277547382e-01,1.359540725e+00,,,2.156185833e-08,6.660802088e-01,4.831167630e+00
single,103,15,random,shared,226;8;66;219,0.055117404;0.072077050;0.313216183;0.559589364,1,2.946904235e-01,1.323406757e-01,3.059879532e-01,3.258091210e-02,1.645263649e-01,2.444862388e-01,1.677310985e-01;1.772962782e-01;5.142829794e-01;4.359371112e-01;2.489215782e-01;2.463956365e-01;2.158250920e-01;1.067262577e-01,2.641395040e-01,5.142829794e-01,5.058953651e-02,1.091355253e-01,2.213505565e-08,2.438844728e-01,3.169409246e+00
single,103,15,random,independent,226;8;66;219,0.055117404;0.072077050;0.313216183;0.559589364,1,9.285042926e-01,4.169761745e-01,9.319858234e-01,3.258091210e-02,7.835793171e-01,4.981201413e-01,1.677310985e-01;7.142296531e-01;1.198136283e+00;9.937110167e-01;2.489215782e-01;8.735741641e-01;1.262337950e+00;1.231714675e+00,8.362945524e-01,1.262337950e+00,,,2.213505565e-08,5.050725711e-01,4.022979493e+00
single,107,0,random,shared,215;140;84;138,0.269023533;0.027969989;0.302458301;0.400548178,1,3.475420063e-01,1.657789613e-01,3.526667480e-01,4.352656826e-02,1.171607175e-01,3.271984297e-01,3.518369116e-01;1.838997040e-01;4.495718779e-01;2.395626257e-01;2.692251471e-01;4.226418335e-01;4.208356642e-01;3.477918559e-01,3.356707025e-01,4.495718779e-01,6.581613195e-02,1.491582328e-01,1.995330219e-08,3.373992900e-01,2.695398928e+00
single,107,0,random,independent,215;140;84;138,0.269023533;0.027969989;0.302458301;0.400548178,1,5.884294034e-01,2.806832370e-01,6.083973061e-01,4.352656826e-02,3.473404134e-01,4.749776836e-01,3.518369116e-01;6.916192346e-01;6.566830344e-01;5.235327698e-01;2.692251471e-01;6.934243823e-01;7.806428859e-01;5.475626778e-01,5.643158804e-01,7.806428859e-01,,,1.973604548e-08,4.776661660e-01,3.226517835e+00
single,107,1,random,shared,1;3;152;83,0.520543302;0.471121502;0.003432946;0.004902251,1,5.187049985e-01,2.474244101e-01,5.187274639e-01,3.839069212e-02,3.584647667e-01,3.749105047e-01,4.461516631e-01;5.544804260e-01;2.764523310e-01;4.591213369e-01;5.164802326e-01;7.175197981e-01;3.365232884e-01;6.810920982e-01,4.984776468e-01,7.175197981e-01,7.647132511e-02,1.733059567e-01,2.143374917e-08,3.724741560e-01,3.399755688e+00
single,107,1,random,independent,1;3;152;83,0.520543302;0.471121502;0.003432946;0.004902251,1,1.648495537e+00,7.863391270e-01,1.639968547e+00,3.839069212e-02,1.349824317e+00,9.463148774e-01,4.461516631e-01;2.067825550e+00;2.328542494e+00;1.111093101e+00;5.164802326e-01;2.025449490e+00;2.155996090e+00;1.261424524e+00,1.489120393e+00,2.328542494e+00,,,2.039502389e-08,9.520555869e-01,5.576235907e+00
single,107,2,random,shared,127;100;138;255,0.136289505;0.035580194;0.742763232;0.085367069,1,3.230786031e-01,1.541098178e-01,3.231490770e-01,2.865150198e-02,1.670977302e-01,2.765106370e-01,2.679152320e-01;3.371653487e-01;3.240723615e-01;1.763534230e-01;2.476620672e-01;2.448379100e-01;4.448602993e-01;4.407641247e-01,3.104538458e-01,4.448602993e-01,5.901224597e-02,1.337386757e-01,1.970476620e-08,2.745464673e-01,3.590063772e+00
single,107,2,random,independent,127;100;138;255,0.136289505;0.035580194;0.742763232;0.085367069,1,1.211554527e+00,5.779164748e-01,1.211371637e+00,2.865150198e-02,8.916586955e-01,8.202494398e-01,2.679152320e-01;1.565501628e+00;1.611233366e+00;9.693142474e-01;2.476620672e-01;1.254310350e+00;1.747043564e+00;9.989523645e-01,1.082741602e+00,1.747043564e+00,,,2.186507682e-08,8.240058535e-01,4.798323687e+00
single,107,3,random,shared,61;248;87;132,0.030366882;0.104880720;0.731438283;0.133314115,1,4.220876058e-01,2.013375178e-01,4.217843784e-01,2.754735794e-02,2.543852429e-01,3.368175992e-01,3.202080344e-01;1.664772635e-01;3.145528689e-01;1.404281562e-01;7.411477023e-01;6.437174627e-01;4.218008704e-01;1.864512643e-01,3.668479528e-01,7.411477023e-01,6.208945968e-02,1.407125246e-01,2.015428382e-08,3.369549644e-01,3.585731112e+00
single,107,3,random,independent,61;248;87;132,0.030366882;0.104880720;0.731438283;0.133314115,1,1.488731050e+00,7.101308122e-01,1.496258522e+00,2.754735794e-02,1.003008587e+00,1.100133590e+00,3.202080344e-01;1.693863054e+00;7.888069834e-01;2.190645323e+00;7.411477023e-01;1.782783552e+00;9.190172321e-01;2.183003143e+00,1.327434378e+00,2.190645323e+00,,,2.072786790e-08,1.097905646e+00,6.506759852e+00
single,107,4,random,shared,104;193;204;253,0.031344124;0.157355902;0.491382662;0.319917313,1,2.892260643e-01,1.379620180e-01,2.963595471e-01,4.139473816e-02,1.589557587e-01,2.416294333e-01,3.120965168e-01;2.109088991e-01;1.847597189e-01;2.711163105e-01;3.653966839e-01;6.908315186e-02;4.534249886e-01;2.753275947e-01,2.677642330e-01,4.534249886e-01,5.287144797e-02,1.198218661e-01,2.046046464e-08,2.441337303e-01,3.360640490e+00
single,107,4,random,independent,104;193;204;253,0.031344124;0.157355902;0.491382662;0.319917313,1,6.816920075e-01,3.251698814e-01,6.796500793e-01,4.139473816e-02,4.703004905e-01,4.934789173e-01,3.120965168e-01;7.546248166e-01;8.460249984e-01;7.441681841e-01;3.653966839e-01;6.653728632e-01;8.914800473e-01;6.405092138e-01,6.524591655e-01,8.914800473e-01,,,1.977543688e-08,4.989860367e-01,4.117876515e+00
single,107,5,random,shared,33;161;11;113,0.421647917;0.018728323;0.073454697;0.486169063,1,4.906492978e-01,2.340417258e-01,4.982289637e-01,4.650118843e-02,3.921189768e-01,2.949227720e-01,7.219146891e-01;3.971101769e-01;7.827684740e-01;3.350528255e-01;2.352833401e-01;1.369852160e-01;5.455608625e-01;3.876723129e-01,4.427934871e-01,7.827684740e-01,7.865775727e-02,1.782610391e-01,2.223934107e-08,2.961762587e-01,2.667461469e+00
single,107,5,random,independent,33;161;11;113,0.421647917;0.018728323;0.073454697;0.486169063,1,1.044757740e+00,4.983537239e-01,1.053902176e+00,4.650118843e-02,6.955343307e-01,7.795836908e-01,7.219146891e-01;1.032839717e+00;1.303293525e+00;6.825272599e-01;2.352833401e-01;1.263953400e+00;1.289475061e+00;1.290012146e+00,9.774123922e-01,1.303293525e+00,,,2.264005062e-08,7.810089531e-01,5.409420220e+00
single,107,6,random,shared,9;167;53;27,0.560864689;0.220348147;0.033715135;0.185072029,1,4.165003484e-01,1.986723731e-01,4.206782240e-01,4.372040629e-02,2.967629718e-01,2.922401047e-01,4.321182432e-01;2.617388749e-01;4.162594031e-01;4.791181624e-01;4.701613512e-01;4.954953275e-01;3.916699391e-01;3.312825772e-01,4.097304848e-01,4.954953275e-01,6.782600002e-02,1.537131704e-01,2.123804244e-08,3.005807859e-01,2.697111345e+00
single,107,6,random,independent,9;167;53;27,0.560864689;0.220348147;0.033715135;0.185072029,1,1.336654061e+00,6.375894649e-01,1.343883058e+00,4.372040629e-02,9.997803823e-01,8.871771327e-01,4.321182432e-01;7.645664728e-01;2.065432066e+00;1.157274325e+00;4.701613512e-01;7.706658458e-01;2.088380792e+00;1.655372827e+00,1.175496490e+00,2.088380792e+00,,,2.090184240e-08,8.868847545e-01,5.506644282e+00
single,107,7,random,shared,224;17;207;76,0.472134435;0.167867315;0.238348842;0.121649408,1,3.003159245e-01,1.432519268e-01,3.089673142e-01,3.443086666e-02,1.077938224e-01,2.803036681e-01,2.387827256e-01;3.059571235e-01;3.941080737e-01;2.691437989e-01;3.801619137e-01;2.159023775e-01;2.726427704e-01;2.786749519e-01,2.944217169e-01,3.941080737e-01,6.516343044e-02,1.476790240e-01,1.858207572e-08,2.893304587e-01,2.375912739e+00
single,107,7,random,independent,224;17;207;76,0.472134435;0.167867315;0.238348842;0.121649408,1,8.507466129e-01,4.058096210e-01,8.517524719e-01,3.443086666e-02,6.234208765e-01,5.788922267e-01,2.387827256e-01;1.325960520e+00;3.393794922e-01;1.266482106e+00;3.801619137e-01;1.061563423e+00;3.459797660e-01;9.298777118e-01,7.360234573e-01,1.325960520e+00,,,2.044924298e-08,5.775699732e-01,3.548374203e+00
single,107,8,random,shared,235;203;75;174,0.285252495;0.015654410;0.268030546;0.431062550,1,3.887451983e-01,1.854330528e-01,3.863470166e-01,3.112730414e-02,2.940825385e-01,2.542406138e-01,5.043180065e-01;2.771061178e-01;2.545935721e-01;3.640779554e-01;3.510528214e-01;4.277845209e-01;2.497614031e-01;5.584524138e-01,3.733933514e-01,5.584524138e-01,6.458477994e-02,1.463676360e-01,2.087575639e-08,2.552652098e-01,3.856002347e+00
single,107,8,random,independent,235;203;75;174,0.285252495;0.015654410;0.268030546;0.431062550,1,9.913622727e-01,4.728838670e-01,9.773373533e-01,3.112730414e-02,8.180179265e-01,5.600409161e-01,5.043180065e-01;1.031385315e+00;1.273960844e+00;8.530026844e-01;3.510528214e-01;1.010780302e+00;1.227002260e+00;1.242280832e+00,9.367228832e-01,1.273960844e+00,,,2.004458133e-08,5.699916729e-01,3.648558086e+00
single,107,9,random,shared,4;128;47;29,0.081919923;0.543035551;0.081245617;0.293798909,1,2.175854333e-01,1.037891434e-01,2.226788052e-01,4.071796190e-02,1.225165437e-01,1.798141187e-01,1.517704831e-01;2.104479383e-01;3.438103787e-01;1.859636148e-01;2.213470846e-01;1.808903695e-01;1.747177449e-01;2.153939679e-01,2.105426977e-01,3.438103787e-01,8.899409170e-02,2.016861377e-01,2.021898806e-08,1.815719118e-01,1.428988051e+00
single,107,9,random,independent,4;128;47;29,0.081919923;0.543035551;0.081245617;0.293798909,1,1.045429785e+00,4.986742918e-01,1.039450260e+00,4.071796190e-02,7.665170344e-01,7.108973701e-01,1.517704831e-01;1.441635911e+00;6.995912078e-01;1.240134078e+00;2.213470846e-01;1.484363667e+00;9.039525520e-01;1.243068166e+00,9.232328937e-01,1.484363667e+00,,,2.103262752e-08,7.100274432e-01,4.537041887e+00
single,107,10,random,shared,4;128;73;20,0.127149125;0.372276820;0.498137719;0.002436337,1,2.971289386e-01,1.417317214e-01,2.990170851e-01,3.187270709e-02,1.692655479e-01,2.442023351e-01,3.519958739e-01;2.752335198e-01;2.095163519e-01;3.996671080e-01;2.050546394e-01;1.317352518e-01;3.295406602e-01;3.674244634e-01,2.837709836e-01,3.996671080e-01,6.301404595e-02,1.428079023e-01,2.109987943e-08,2.419426923e-01,2.969915123e+00
single,107,10,random,independent,4;128;73;20,0.127149125;0.372276820;0.498137719;0.002436337,1,8.269498697e-01,3.944584769e-01,8.239044931e-01,3.187270709e-02,5.622073213e-01,6.064396218e-01,3.519958739e-01;1.125261653e+00;9.374449528e-01;5.310809099e-01;2.050546394e-01;1.066131929e+00;1.129627908e+00;6.819530304e-01,7.535688620e-01,1.129627908e+00,,,2.069429657e-08,6.108672076e-01,4.812603095e+00
single,107,11,random,shared,149;76;5;48,0.151076886;0.070871282;0.774965149;0.003086683,1,2.260652153e-01,1.078340342e-01,2.222433155e-01,3.322693767e-02,1.913818753e-01,1.203264699e-01,2.731586662e-01;1.534770197e-01;1.933586557e-01;2.750667875e-01;1.521054885e-01;2.817795974e-01;1.309462895e-01;2.791790481e-01,2.173839441e-01,2.817795974e-01,5.408181074e-02,1.225648953e-01,2.048326042e-08,1.286154107e-01,8.652855290e-01
single,107,11,random,independent,149;76;5;48,0.151076886;0.070871282;0.774965149;0.003086683,1,1.783105706e+00,8.505487293e-01,1.790874628e+00,3.322693767e-02,1.153017647e+00,1.360153029e+00,2.731586662e-01;2.490757525e+00;8.372417329e-01;2.293142693e+00;1.521054885e-01;2.418114466e+00;8.048058782e-01;2.584499115e+00,1.481728196e+00,2.584499115e+00,,,2.336583008e-08,1.353381468e+00,8.237436213e+00
single,107,12,random,shared,133;189;153;51,0.305166046;0.028157211;0.480150181;0.186526562,1,3.639959308e-01,1.736275507e-01,3.703445190e-01,5.004115937e-02,2.369657376e-01,2.762974427e-01,2.076445739e-01;4.602784797e-01;3.315966834e-01;2.573312810e-01;3.323657705e-01;1.609842859e-01;5.025476049e-01;4.897539826e-01,3.428128327e-01,5.025476049e-01,6.017873132e-02,1.363822660e-01,2.137015616e-08,2.685211913e-01,2.261969037e+00
single,107,12,random,independent,133;189;153;51,0.305166046;0.028157211;0.480150181;0.186526562,1,9.791523885e-01,4.670597022e-01,9.860169070e-01,5.004115937e-02,7.947209131e-01,5.719773336e-01,2.076445739e-01;1.172135909e+00;5.429380993e-01;1.182296715e+00;3.323657705e-01;9.691936128e-01;7.007442566e-01;1.737654528e+00,8.556216833e-01,1.737654528e+00,,,2.052020294e-08,5.727928574e-01,4.028465160e+00
single,107,13,random,shared,110;220;103;203,0.226964134;0.366622301;0.197838420;0.208575146,1,2.856603571e-01,1.362611611e-01,2.885350792e-01,3.573959935e-02,1.764759826e-01,2.246287319e-01,3.286813425e-01;2.291498262e-01;3.227351808e-01;4.322386917e-01;1.564074472e-01;3.407340868e-01;1.983468406e-01;1.462220548e-01,2.693144338e-01,4.322386917e-01,6.941423877e-02,1.573125749e-01,1.899898233e-08,2.218696579e-01,1.897677748e+00
single,107,13,random,independent,110;220;103;203,0.226964134;0.366622301;0.197838420;0.208575146,1,3.089712973e-01,1.473805751e-01,3.141540437e-01,3.573959935e-02,1.274278865e-01,2.814700629e-01,3.286813425e-01;2.282221491e-01;3.036711215e-01;4.367478325e-01;1.564074472e-01;2.931322073e-01;3.589523857e-01;2.852856666e-01,2.988875190e-01,4.367478325e-01,,,1.966865690e-08,2.729657325e-01,2.519817853e+00
single,107,14,random,shared,35;89;70;221,0.119843896;0.253864261;0.321331644;0.304960199,1,5.478809088e-01,2.613414389e-01,5.500693023e-01,3.303449599e-02,3.902322902e-01,3.845676142e-01,5.834365866e-01;3.477952433e-01;5.326106750e-01;5.442138607e-01;6.993517783e-01;2.618772914e-01;6.425466732e-01;6.242166532e-01,5.295060952e-01,6.993517783e-01,1.179251425e-01,2.672521971e-01,1.866081185e-08,3.851314088e-01,3.675947330e+00
single,107,14,random,independent,35;89;70;221,0.119843896;0.253864261;0.321331644;0.304960199,1,6.039908652e-01,2.881061180e-01,6.073905526e-01,3.303449599e-02,3.972913938e-01,4.549335266e-01,5.834365866e-01;7.419755137e-01;7.841893612e-01;1.600453840e-01;6.993517783e-01;4.463898112e-01;4.585504909e-01;6.987996875e-01,5.715923267e-01,7.841893612e-01,,,2.073878039e-08,4.573057954e-01,4.072481498e+00
single,107,15,random,shared,48;189;173;211,0.040222910;0.368098603;0.162091274;0.429587213,1,3.226738411e-01,1.539167446e-01,3.270538390e-01,4.363122136e-02,1.914323700e-01,2.597538362e-01,3.865645746e-01;3.730081793e-01;1.931739037e-01;2.543824136e-01;3.541951973e-01;3.367295866e-01;3.389241981e-01;2.977293331e-01,3.168384233e-01,3.865645746e-01,5.057575342e-02,1.146191637e-01,2.020168324e-08,2.609133025e-01,3.112900724e+00
single,107,15,random,independent,48;189;173;211,0.040222910;0.368098603;0.162091274;0.429587213,1,6.826409614e-01,3.256225363e-01,6.884771540e-01,4.363122136e-02,4.279265176e-01,5.318623674e-01,3.865645746e-01;1.022755154e+00;2.483244369e-01;7.533583646e-01;3.541951973e-01;1.007695658e+00;3.410926828e-01;8.037825178e-01,6.147210732e-01,1.022755154e+00,,,2.053418724e-08,5.336888679e-01,3.961733939e+00
